timestamp,valve_DN200_fb,valve_DN300_fb,valve_DN350_fb,valve_DN400_fb,pump_speed_fb,pump_current_fb,temp_pump_out,temp_tank_out,temp_he_sim,press_pump_out,press_valve_DN400,press_check_valve,press_tank_out,flow_pump_DN300,flow_pump_DN400
2019-10-21 17:42:16,-0.03616898134350782,98.56852012580926,99.65639495849615,95.2003784179688,69.8716381293138,0.018132597546685867,20.600881189733123,19.551423399598477,19.610811606987397,0.08052384071833606,0.27739081182679953,0.2763967809977228,0.28757072474572987,-0.08680555224418639,591.5330763596759
2019-10-21 17:42:17,-0.03616898134350782,98.56983515599396,99.65639495849615,95.20037841796879,69.87163812931382,0.01985702324997298,20.609298492645056,19.542601472014336,19.612754061505534,0.08041062935457365,0.2759951319727863,0.276343672008781,0.28743742896126667,-0.0868055522441864,591.255348899148
2019-10-21 17:42:18,-0.03616898134350782,98.57025664002751,99.65639495849615,95.20037841796879,69.87163812931384,0.020788909867405916,20.616420825878226,19.537246255052132,19.6138332029045,0.08032726336678704,0.2752356609820205,0.2763443480143736,0.28734578292964486,-0.08680555224418642,591.0798954463507
2019-10-21 17:42:19,-0.03616898134350782,98.57002903864941,99.65639495849615,95.20037841796879,69.87163812931384,0.021089377982372606,20.622086318222795,19.53454502034577,19.613995074114346,0.0802716435321839,0.2749724007778232,0.2763752878268005,0.287287608518467,-0.08680555224418642,590.9776699537445
2019-10-21 17:42:20,-0.03616898134350783,98.56939681259908,99.65639495849615,95.20037841796879,69.87163812931384,0.020919548178260992,20.626133098468916,19.533685039529157,19.61318571806512,0.0802416706279719,0.2750653532835152,0.27641297025836165,0.28725472759533593,-0.08680555224418642,590.9196263737892
2019-10-21 17:42:21,-0.0361689813435079,98.5686044226162,99.65639495849635,95.20037841796906,69.87163812931404,0.020440541038459048,20.628399295406794,19.533853584236233,19.61135117768693,0.08023524543135889,0.27537452042241817,0.2764338741213578,0.2872389620278551,-0.08680555224418664,590.876718658947
2019-10-21 17:42:22,-0.0361689813435079,98.5679637668852,99.65639495849635,95.20037841796906,69.87163812931404,0.020048626105893787,20.628399295406794,19.531324124280705,19.607628139860502,0.08027490422928546,0.27559558092019576,0.27614283130997075,0.2871967260932041,-0.08680555224418664,590.8120573884142
2019-10-21 17:42:23,-0.0361689813435079,98.56843582900278,99.65639495849635,95.20037841796906,69.87163812931404,0.01939543455161836,20.622140275292796,19.52588772718172,19.60309574598485,0.08029336716745301,0.27582591779026483,0.27629079574193793,0.28717362324952606,-0.08680555224418664,590.6539003598959
2019-10-21 17:42:24,-0.035865465322366265,98.56873086782628,99.65639495849635,95.20037841796906,69.87163812931404,0.017853902483528358,20.62084530561404,19.529786307772884,19.598293566759452,0.08034375072011879,0.2757530727864431,0.27615328893794944,0.28720405927071285,-0.08680555224418664,590.4253430488802
2019-10-21 17:42:25,-0.036244860348793304,98.56915235185983,99.65639495849635,95.20037841796906,69.87163812931404,0.018733533776619283,20.61625895466844,19.53686823989411,19.593761172883802,0.08035654923715811,0.2758884730733644,0.27629299201331836,0.2872930904090551,-0.08680555224418664,590.1160968344825
2019-10-21 17:42:26,-0.036539945369347675,98.56923664866653,99.65639495849635,95.20037841796906,69.87163812931404,0.020222810520367264,20.613291315821286,19.538763188537793,19.59003813505737,0.08037491215692552,0.2760699888765125,0.27638067829581187,0.28725835764324825,-0.08680555224418664,589.7532190709699
2019-10-21 17:42:27,-0.036750720384029364,98.56975085918748,99.65639495849635,95.20037841796906,69.87163812931404,0.020344739610498673,20.613884843590718,19.532429684014357,19.587906830794417,0.08039423637526316,0.27645596028207975,0.27631770036159475,0.2872471434947781,-0.08680555224418664,589.4450599652642
2019-10-21 17:42:28,-0.03687718539283838,98.56940524227994,99.65639495849635,95.20037841796906,69.87163812931404,0.020431831817735398,20.613669015310926,19.542142427884663,19.58711770864642,0.08034790032879754,0.2765326827833988,0.2764783098008532,0.28724174316112905,-0.08680555224418664,589.2666512158105
2019-10-21 17:42:29,-0.03661582437463308,98.56948953908667,99.65639495849635,95.20037841796906,69.87163812931404,0.020336030389774995,20.613183401681386,19.547659849509262,19.588824100983533,0.08032078698867982,0.2762471272117337,0.27620649275246256,0.2873254633033202,-0.08680555224418664,589.151731548889
2019-10-21 17:42:30,-0.036953064398123785,98.56923664866653,99.65639495849635,95.20037841796906,69.87163812931404,0.020762782205234948,20.61102511888346,19.554876758779997,19.588655485139945,0.08036075027047357,0.27638506048765016,0.27622756980238056,0.2873048084877043,-0.08680555224418664,589.1027436512072
2019-10-21 17:42:31,-0.03712168440986914,98.5683431025154,99.65639495849635,95.20037841796906,69.87163812931404,0.021459519863128735,20.612104260282422,19.55891015646345,19.58855431563379,0.08036105333022045,0.27618305465002524,0.2759344264482847,0.2872080177693944,-0.08680555224418664,589.1578012035183
2019-10-21 17:42:32,-0.03712168440986914,98.56856227421284,99.65639495849635,95.20037841796906,69.87163812931404,0.021947236223654392,20.61151073251299,19.560009709605012,19.58876339927984,0.08038973542568587,0.27578435390145706,0.2754140648391704,0.2870799519104289,-0.08680555224418664,589.1973472897564
2019-10-21 17:42:33,-0.036953064398123785,98.56890789112036,99.65639495849635,95.20037841796906,69.87163812931404,0.020893420516090028,20.612589873911958,19.558067344007554,19.588493613930098,0.08047274696382352,0.2754909539278301,0.2756573002099443,0.2870276782201452,-0.08680555224418664,589.1676709724213
2019-10-21 17:42:34,-0.03661582437463308,98.56869714910357,99.65639495849635,95.20037841796906,69.87163812931404,0.020109590650959505,20.61534168447932,19.55663073702017,19.588358721255226,0.08046126383028963,0.275517931698642,0.2756641294572744,0.2870095511138586,-0.08680555224418664,589.0244311352728
2019-10-21 17:42:35,-0.03687718539283838,98.56869714910357,99.65639495849635,95.20037841796906,69.87163812931404,0.02038828571411702,20.61345318703113,19.54699240642274,19.58641626673709,0.08045392877711027,0.27585247374359056,0.2760285160619348,0.2870492613537893,-0.08680555224418664,588.8597715151077
2019-10-21 17:42:36,-0.036750720384029364,98.56890789112036,99.65639495849635,95.20037841796906,69.87163812931404,0.020797619088129618,20.613776929450818,19.547370128142543,19.587279579856265,0.08047477004828177,0.27646035039341604,0.2763278158533553,0.2870041566850986,-0.08680555224418664,588.734395771873
2019-10-21 17:42:37,-0.036539945369347675,98.56856227421284,99.65639495849635,95.20037841796906,69.87163812931404,0.01961316506971017,20.614910027919734,19.542358914177477,19.591562422283406,0.08045276396827564,0.2766825108678197,0.2762478030783875,0.28702430923779887,-0.08680555224418664,588.4903106333786
2019-10-21 17:42:38,-0.036244860348793304,98.56864657101957,99.65639495849635,95.20037841796906,69.87163812931404,0.018959973515434735,20.610539505253925,19.533617828831566,19.594354700653223,0.08039408387281977,0.2767182623311918,0.27631002157440343,0.287060729204081,-0.08680555224418664,588.1340138539862
2019-10-21 17:42:39,-0.035865465322366265,98.56916078154049,99.65639495849635,95.20037841796906,69.87163812931404,0.01773197339339693,20.608920793155477,19.524586519717104,19.596445537113716,0.08036681830813577,0.2763188014497296,0.2763230902748515,0.2870797003621554,-0.08680555224418664,587.7875815793923
2019-10-21 17:42:40,-0.0361689813435079,98.56911863313714,99.65639495849635,95.20037841796906,69.87163812931404,0.01853322169997479,20.6051437982591,19.517625768701567,19.595649670331984,0.08033894547771483,0.2765840414242872,0.2763532744698876,0.2870614908652993,-0.08680555224418664,587.3588697882536
2019-10-21 17:42:41,-0.0361689813435079,98.56882359431364,99.65639495849635,95.20037841796906,69.87163812931404,0.019325760785828976,20.604118613930083,19.523230630479006,19.598280077491964,0.0802955430495991,0.2762131621509727,0.27615607826859856,0.28701545482193214,-0.08680555224418664,586.9682674096753
2019-10-21 17:42:42,-0.0361689813435079,98.56873929750694,99.65639495849635,95.20037841796906,69.87163812931404,0.019717675718394244,20.60444235634977,19.524903210726734,19.599669472043132,0.08025962767345385,0.27558033178736346,0.2756564598400282,0.28702220174816184,-0.08680555224418664,586.7128978809293
2019-10-21 17:42:43,-0.0361689813435079,98.56856227421284,99.65639495849635,95.20037841796906,69.87163812931404,0.019229959357868587,20.606654596217652,19.5243837850078,19.598414970166832,0.08027267935392757,0.27508239277870866,0.2756339515144737,0.28714562949045075,-0.08680555224418664,586.6142565320438
2019-10-21 17:42:44,-0.0361689813435079,98.56851169612881,99.65639495849635,95.20037841796906,69.87163812931404,0.019360597668723677,20.606384810867908,19.522758239354918,19.595919455681724,0.0802642825148602,0.27509006545260317,0.2757947299724977,0.28723921413188297,-0.08680555224418664,586.6371087205455
2019-10-21 17:42:45,-0.0361689813435079,98.56850326644815,99.65639495849635,95.20037841796906,69.87163812931404,0.019796058704907304,20.605575454818684,19.522022985356173,19.591940121773042,0.08031582948697494,0.2751958741174718,0.2760572715516975,0.2873644151470886,-0.08680555224418664,586.9168524753259
2019-10-21 17:42:46,-0.0361689813435079,98.56952325780935,99.65639495849635,95.20037841796906,69.87163812931404,0.02005733532661748,20.60422652806998,19.529240059130174,19.591629868620846,0.08034309484325108,0.27533861008279603,0.2762549768933611,0.28738153001645306,-0.08680555224418664,587.3035873021852
2019-10-21 17:42:47,-0.0361689813435079,98.56981829663283,99.65639495849635,95.20037841796906,69.87163812931404,0.019665420394052228,20.602338030621787,19.529867510139862,19.59218292858781,0.08037132179334189,0.2752725957851595,0.2761919961109034,0.2874392869172405,-0.08680555224418664,587.4818220516479
2019-10-21 17:42:48,-0.0361689813435079,98.57045895236385,99.65639495849635,95.20037841796906,69.87163812931404,0.01909932104701352,20.599909962474122,19.52138934546701,19.590874469641566,0.080411335614039,0.2751224384163372,0.27608829306000116,0.28740370711246666,-0.08680555224418664,587.5699282203815
2019-10-21 17:42:49,-0.0361689813435079,98.57045895236385,99.65639495849635,95.20037841796906,69.87163812931404,0.01852451247925114,20.60185241699226,19.51956154972251,19.588615017337478,0.08042934387574963,0.2751497535299873,0.2761259782008645,0.2872920786584183,-0.08680555224418664,587.7732811418741
2019-10-21 17:42:50,-0.0361689813435079,98.570121765137,99.65639495849635,95.20037841796906,69.87163812931404,0.01864644156938254,20.599909962474122,19.516013872373414,19.586018333346217,0.08042170508549785,0.27553336395250383,0.276156582824001,0.28716131273683226,-0.08680555224418664,588.017187016273
2019-10-21 17:42:51,-0.0361689813435079,98.56944739068331,99.65639495849635,95.20037841796906,69.87163812931404,0.019691548056223217,20.602338030621787,19.52294735586176,19.58823731784784,0.08034238639550353,0.27563335477333306,0.27609141410647664,0.28697422744233103,-0.08680555224418664,588.3631863538495
2019-10-21 17:42:52,-0.0361689813435079,98.56813236049862,99.65639495849635,95.20037841796906,69.87163812931404,0.019761221822012596,20.60422652806998,19.525179829630876,19.588169871510406,0.08025057250872658,0.2750817151058532,0.27553699441723145,0.2868444754249296,-0.08680555224418664,588.8155038117823
2019-10-21 17:42:53,-0.0361689813435079,98.56762657965837,99.65639495849635,95.20037841796906,69.87163812931404,0.020579888570037803,20.605575454818684,19.521423068635716,19.587758448852046,0.08018526577310428,0.27499563418901957,0.27549062492130605,0.2867660627359562,-0.08680555224418664,589.298508152819
2019-10-21 17:42:54,-0.0361689813435079,98.56762657965837,99.65639495849635,95.20037841796906,69.87163812931404,0.021267917007207933,20.606384810867908,19.52311597170535,19.58584971750263,0.08018116875267273,0.275236845711173,0.27579346215808387,0.2867212082261536,-0.08680555224418664,589.7747713102345
2019-10-21 17:42:55,-0.0361689813435079,98.56843582900278,99.65639495849635,95.20037841796906,69.87163812931404,0.02284428595819263,20.604712141699515,19.528026065070637,19.588513847831326,0.08018976828574043,0.27524367155450835,0.27598400056223277,0.2867642045715758,-0.08680555224418664,590.220353417743
2019-10-21 17:42:56,-0.0361689813435079,98.56937152355727,99.65639495849635,95.20037841796906,69.87163812931404,0.02381100945852027,20.605899197238372,19.528619592840073,19.590840746472846,0.08024849909377285,0.2752005888587674,0.2761969664296908,0.28683764034217973,-0.08680555224418664,590.5533847053032
2019-10-21 17:42:57,-0.0361689813435079,98.56944739068331,99.65639495849635,95.20037841796906,69.87163812931404,0.02346264062957338,20.606249918193036,19.527108794881528,19.592216651756527,0.08028593339842258,0.2753785677723125,0.27622917238926875,0.28696908324192816,-0.08680555224418664,590.7032910326996
2019-10-21 17:42:58,-0.0361689813435079,98.56995317152357,99.65639495849635,95.20037841796906,69.87163812931404,0.021485647525299745,20.609622235064805,19.530953396172578,19.593430685830366,0.08035827211011003,0.2750522009420513,0.2760178033427486,0.2870474082606663,-0.08680555224418664,590.6645112293323
2019-10-21 17:42:59,-0.0361689813435079,98.570121765137,99.65639495849635,95.20037841796906,69.87163812931404,0.020710526880892893,20.61110605448838,19.52749319899061,19.59362628020893,0.0804109319801377,0.27549238082690186,0.2763504065694794,0.28703703941443104,-0.08680555224418664,590.5259106331512
2019-10-21 17:43:00,-0.0361689813435079,98.56995317152357,99.65639495849635,95.20037841796906,69.87163812931404,0.019804767925630955,20.608758921945633,19.529004001395194,19.59359255704021,0.08041138665659464,0.27525167538847456,0.27620075889678625,0.2869566103795199,-0.08680555224418664,590.3980071239
2019-10-21 17:43:01,-0.0361689813435079,98.56914392217915,99.65639495849635,95.20037841796906,69.87163812931404,0.01933447000655265,20.61380390798579,19.529077881143976,19.593329516324218,0.08035053152999143,0.27518675787187735,0.2759542383236214,0.28680771978307223,-0.08680555224418664,590.2126069324572
2019-10-21 17:43:02,-0.0361689813435079,98.56868028974225,99.65639495849635,95.20037841796906,69.87163812931404,0.017967122352936085,20.613075487541494,19.52171251879433,19.591434274242282,0.08034081868219509,0.27471453930948214,0.2754741769570578,0.28672871993971927,-0.08680555224418664,589.9598458385707
2019-10-21 17:43:03,-0.0361689813435079,98.56856227421284,99.65639495849635,95.20037841796906,69.87163812931404,0.01884675364602701,20.61312944461144,19.51592548966134,19.589552521427837,0.08032351779145815,0.2748606509262038,0.2755138849045021,0.2866954997286103,-0.08680555224418664,589.649243477065
2019-10-21 17:43:04,-0.0361689813435079,98.56826723538936,99.65639495849635,95.20037841796906,69.87163812931404,0.019534782083197127,20.614579540866302,19.510131804815305,19.586652328918113,0.0803425882037705,0.27508474924625553,0.2758062673615416,0.28674465139984884,-0.08680555224418664,589.3893160875599
2019-10-21 17:43:05,-0.0361689813435079,98.56856227421284,99.65639495849635,95.20037841796906,69.87163812931404,0.02167725038122053,20.613129444611438,19.507676802592997,19.588257551749074,0.08035912932632706,0.2749873718598512,0.2758233806331125,0.2868524835659917,-0.08680555224418664,589.192288485442
2019-10-21 17:43:06,-0.0361689813435079,98.56868028974225,99.65639495849635,95.20037841796906,69.87163812931404,0.022983633489771393,20.615631863787517,19.510233312220052,19.588055212736766,0.08037921155874565,0.2752956118617031,0.2759129160489797,0.2869421895984179,-0.08680555224418664,589.1255999656283
2019-10-21 17:43:07,-0.0361689813435079,98.56914392217915,99.65639495849635,95.20037841796906,69.87163812931404,0.022661392322995518,20.61385798509866,19.50055478502825,19.58798776639933,0.08034061346993321,0.2756371511307081,0.2760010204670873,0.2870628358600865,-0.08680555224418664,589.0786364717654
2019-10-21 17:43:08,-0.0361689813435079,98.56995317152357,99.65639495849635,95.20037841796906,69.87163812931404,0.022434952584180046,20.612043482996143,19.49962418118285,19.588055212736766,0.08030409089752027,0.2758900792031862,0.2760102118784458,0.287094704615765,-0.08680555224418664,588.9353129780392
2019-10-21 17:43:09,-0.0361689813435079,98.570121765137,99.65639495849635,95.20037841796906,69.87163812931404,0.02269622920589021,20.605386222714912,19.497351124014386,19.588257551749074,0.08028041713790757,0.27616374802478344,0.2762678652515506,0.2870171405635522,-0.08680555224418664,588.7210805755135
2019-10-21 17:43:10,-0.0361689813435079,98.56995317152357,99.65639495849635,95.20037841796906,69.87163812931404,0.022339151156219636,20.59636827393293,19.50081125450584,19.58859478343625,0.08023610408906354,0.2757943842238766,0.2762861625575804,0.28692515746696934,-0.08680555224418664,588.5573450190777
2019-10-21 17:43:11,-0.0361689813435079,98.56944739068331,99.65639495849635,95.20037841796906,69.87163812931404,0.02159015817398381,20.59043934517532,19.500136608844088,19.59173794281797,0.08019052668190241,0.27590761172188,0.2759958007535741,0.28677584331630346,-0.08680555224418664,588.4393118478217
2019-10-21 17:43:12,-0.0361689813435079,98.56937152355727,99.65639495849635,95.20037841796906,69.87163812931404,0.02115469713780018,20.581826074417954,19.50483105621698,19.588392404409642,0.08020605666167827,0.27572187447881447,0.2757125212040267,0.2866487915699306,-0.08680555224418664,588.370434741042
2019-10-21 17:43:13,-0.0361689813435079,98.56843582900278,99.65639495849635,95.20037841796906,69.87163812931404,0.021511775187470744,20.577920624704092,19.498005353487486,19.588770108345315,0.08016396860976338,0.27570172665002557,0.27571901269170307,0.28650732182122685,-0.08680555224418664,588.3874658260052
2019-10-21 17:43:14,-0.0361689813435079,98.56762657965837,99.65639495849635,95.20037841796906,69.87163812931404,0.021642413498325817,20.575303351128852,19.500973107931536,19.583333622325632,0.08012425802248639,0.2755546085623325,0.2757748243136292,0.2863986478263133,-0.08680555224418664,588.500611632022
2019-10-21 17:43:15,-0.0361689813435079,98.56793004816251,99.65639495849635,95.20037841796906,69.87163812931404,0.02265268310227181,20.577245965704225,19.499070965604666,19.57962385146498,0.08008859468089971,0.2749191632359742,0.27554474281264435,0.286391227395385,-0.08680555224418664,588.5958859459241
2019-10-21 17:43:16,-0.0361689813435079,98.56835996187675,99.65639495849635,95.20037841796906,69.87163812931404,0.02273106608878486,20.581077233338988,19.49463971900501,19.577397988948587,0.08007736472816754,0.27474371474106063,0.2757050147701261,0.28638026590669674,-0.08680555224418664,588.6315449890295
2019-10-21 17:43:17,-0.0361689813435079,98.56900061760774,99.65639495849635,95.20037841796906,69.87163812931404,0.02241753414273266,20.582426271238546,19.486262590457297,19.57932706979613,0.08008348544091354,0.27486731191893066,0.27573739037369294,0.28649551558605757,-0.08680555224418664,588.3650371844967
2019-10-21 17:43:18,-0.0361689813435079,98.56916921122117,99.65639495849635,95.20037841796906,69.87163812931404,0.022104002196680447,20.58323569397829,19.49002605162586,19.576730230193668,0.08011712538543023,0.27495390044781487,0.2757511349407949,0.28673706167227797,-0.08680555224418664,587.9304180723265
2019-10-21 17:43:19,-0.0361689813435079,98.56916921122117,99.65639495849635,95.20037841796906,69.87163812931404,0.02249591712924571,20.5835055015582,19.50315789798486,19.576359253107604,0.08017054528414805,0.2753537854392495,0.2760022921023121,0.2870613988184991,-0.08680555224418664,587.5581024810167
2019-10-21 17:43:20,-0.0361689813435079,98.56900061760774,99.65639495849635,95.20037841796906,69.87163812931404,0.02280073985457425,20.581293079402915,19.51055689458254,19.5808851735576,0.08024956075808959,0.27569338269444943,0.27649820399729047,0.2874221608633213,-0.08680555224418664,587.353063765663
2019-10-21 17:43:21,-0.0361689813435079,98.56835996187675,99.65639495849635,95.20037841796906,69.87163812931404,0.02239140648056165,20.58096931030702,19.52099106528549,19.581627127729732,0.08035007574202595,0.2759211058522166,0.276605277489394,0.28768394321272794,-0.08680555224418664,587.3076247279754
2019-10-21 17:43:22,-0.0361689813435079,98.56793004816251,99.65639495849635,95.20037841796906,69.87163812931404,0.02330587465654725,20.581994579110685,19.525118932301673,19.578585115623998,0.08041932795083903,0.2763199756890192,0.276775500574313,0.2878672372905811,-0.08680555224418664,587.4017121997484
2019-10-21 17:43:23,-0.0361689813435079,98.56762657965837,99.65639495849635,95.20037841796906,69.87163812931404,0.02333200231871827,20.583829270654093,19.548489764020204,19.58044000105432,0.0804398148765655,0.27659431982151605,0.276647603734113,0.2879192572095742,-0.08680555224418664,587.5701632555285
2019-10-21 17:43:24,-0.0361689813435079,98.56843582900278,99.65639495849635,95.20037841796906,69.87163812931404,0.02450774711641404,20.585933769777412,19.53273405506342,19.577768966034654,0.08041973250520834,0.27652189573207986,0.2768076246990756,0.28786159075779316,-0.08680555224418664,587.7238661403716
2019-10-21 17:43:25,-0.0361689813435079,98.56937152355727,99.65639495849635,95.20037841796906,69.87163812931404,0.024934498931873987,20.592678959275226,19.502079018901863,19.579252874378916,0.08039413649580161,0.2762608682359021,0.2767176694803314,0.28768066294265593,-0.08680555224418664,587.7887852097462
2019-10-21 17:43:26,-0.0361689813435079,98.56975085918748,99.65639495849635,95.20037841796906,69.87163812931404,0.02531770464371557,20.597211726617758,19.492252020847033,19.582220691067437,0.08041007135992584,0.27625926280077306,0.2767755903286264,0.2874418161548942,-0.08680555224418664,587.7381100954724
2019-10-21 17:43:27,-0.0361689813435079,98.56987730439754,99.65639495849635,95.20037841796906,69.87163812931404,0.02588380399075428,20.600935071220555,19.487679136938745,19.58667241610022,0.08042054279492475,0.27622410363250754,0.27646364476575247,0.28721569572295425,-0.08680555224418664,587.5983267830817
2019-10-21 17:43:28,-0.0361689813435079,98.56975085918748,99.65639495849635,95.20037841796906,69.87163812931404,0.025213193995031507,20.603309377923786,19.490154599810026,19.588527301530547,0.0804219081963139,0.27595085801778224,0.2760553330113568,0.28712826640733846,-0.08680555224418664,587.5394793601597
2019-10-21 17:43:29,-0.0361689813435079,98.56937152355727,99.65639495849635,95.20037841796906,69.87163812931404,0.025822839445688583,20.60379503156763,19.492339727761912,19.587785347358416,0.08041472500298705,0.2759784301677792,0.27600525156323535,0.28707826790554086,-0.08680555224418664,587.6668698326431
2019-10-21 17:43:30,-0.0361689813435079,98.56843582900278,99.65639495849635,95.20037841796906,69.87163812931404,0.025814130224964912,20.60185241699226,19.491624752124764,19.588527301530547,0.08038705354665007,0.2758886406332749,0.27611982711267435,0.2870380513040068,-0.08680555224418664,587.9004927770815
2019-10-21 17:43:31,-0.0361689813435079,98.56762657965837,99.65639495849635,95.20037841796906,69.87163812931404,0.025413506071675987,20.60185241699226,19.494181012773915,19.58667241610022,0.08033737739969266,0.27537511306487134,0.2759785201999698,0.28694454905314426,-0.08680555224418664,588.1825062144903
2019-10-21 17:43:32,-0.0361689813435079,98.56762657965837,99.65639495849635,95.20037841796906,69.87163812931404,0.026432484896345667,20.60185241699226,19.505451429140383,19.584406112457575,0.08027884862570238,0.2751715033204413,0.275754760195326,0.28684000625754935,-0.08680555224418664,588.4528801480112
2019-10-21 17:43:33,-0.0361689813435079,98.56843582900278,99.65639495849635,95.20037841796906,69.87163812931404,0.02604056996378041,20.60185241699226,19.529388761187004,19.57870651903138,0.08022411447235496,0.2752085155818297,0.2753738503217147,0.2867637048095542,-0.08680555224418664,588.6689638080034
2019-10-21 17:43:34,-0.0361689813435079,98.56906805505312,99.65639495849635,95.20037841796906,69.87163812931404,0.026136371391740805,20.60185241699226,19.50076392202673,19.575097895446703,0.08016411961861719,0.2750203363545298,0.2755793138539602,0.2867403514596417,-0.08680555224418664,588.726638047013
2019-10-21 17:43:35,-0.0361689813435079,98.56982672631351,99.65639495849635,95.20037841796906,69.87163812931404,0.02570091035555718,20.60185241699226,19.495617633099393,19.57382304851832,0.08019614073780051,0.27520185715946627,0.27533059999659404,0.286715564472137,-0.08680555224418664,588.6968765080961
2019-10-21 17:43:36,-0.0361689813435079,98.57024821034706,99.65639495849635,95.20037841796906,69.87163812931404,0.025047718801281746,20.60379503156763,19.50337423311253,19.57409285609823,0.08027647126526843,0.27507446272112057,0.27555393762799746,0.28681977207844134,-0.08680555224418664,588.6210859249813
2019-10-21 17:43:37,-0.0361689813435079,98.57033250715378,99.65639495849635,95.20037841796906,69.87163812931404,0.024969335814768703,20.603309377923786,19.50551918225415,19.576763886671863,0.08031871067338356,0.27524476757138544,0.27571353774804397,0.2870143572767303,-0.08680555224418664,588.5535611239361
2019-10-21 17:43:38,-0.0361689813435079,98.5697761482295,99.65639495849635,95.20037841796906,69.87163812931404,0.02334071153944196,20.598992456645185,19.510544134464606,19.58104701809123,0.08034289112457885,0.27582777032763317,0.2760559201657363,0.2872943511376019,-0.08680555224418664,588.5448781971625
2019-10-21 17:43:39,-0.035865465322366265,98.56926193770855,99.65639495849635,95.20037841796906,69.87163812931404,0.024411945688453653,20.59648318613053,19.511522106357415,19.580804229060597,0.08039964857079232,0.27621846446346354,0.27658993749073973,0.2875712217984505,-0.08680555224418664,588.5654467602724
2019-10-21 17:43:40,-0.036244860348793304,98.56870557878426,99.65639495849635,95.20037841796906,69.87163812931404,0.024333562701940606,20.593414199935857,19.502935987530357,19.5847163833939,0.0803815389012959,0.2766091570709699,0.2766755915188297,0.2877363831430054,-0.08680555224418664,588.6742922198259
2019-10-21 17:43:41,-0.036539945369347675,98.56909334409514,99.65639495849635,95.20037841796906,69.87163812931404,0.023985193872993707,20.59162678307314,19.50255138779579,19.592783481091132,0.08035366574089586,0.276607216029735,0.2767149624707823,0.2878213650557829,-0.08680555224418664,588.9579933006462
2019-10-21 17:43:42,-0.036750720384029364,98.56913549249848,99.65639495849635,95.20037841796906,69.87163812931404,0.02447291023351937,20.59112093554237,19.50747501933496,19.59224391039166,0.0803610006030347,0.2766736513806955,0.27653470406165565,0.2878061052246811,-0.08680555224418664,589.2891622334387
2019-10-21 17:43:43,-0.036573669371696746,98.5695991249354,99.65639495849635,95.20037841796906,69.87163812931404,0.023358129824583414,20.593839271918938,19.50021078203114,19.586996229656453,0.08030945409983763,0.276619610044507,0.2762225886463848,0.2877540016646714,-0.08680555224418664,589.5882914083004
2019-10-21 17:43:44,-0.036995219401060125,98.56971714046477,99.65639495849635,95.20037841796906,69.87163812931404,0.0240113215742412,20.59346829483287,19.496703394643145,19.58221397755593,0.08028421200169289,0.27631668694369543,0.2764512394274871,0.2876776183818611,-0.08680555224418664,589.6986536412824
2019-10-21 17:43:45,-0.037248149418678156,98.57047581172517,99.65639495849635,95.20037841796906,69.87163812931404,0.025160938861730008,20.595161309053356,19.49646724354143,19.57645368687208,0.08029210353856338,0.2760615662817085,0.27629847105566496,0.2875208862316922,-0.08680555224418664,589.6828872218293
2019-10-21 17:43:46,-0.03733245942455083,98.57080456927136,99.65639495849635,95.20037841796906,69.87163812931404,0.02508255598376271,20.59812919243239,19.495671376759695,19.569843550106377,0.08029898275167534,0.27556801425827204,0.2760702444540043,0.28733211998895136,-0.08680555224418664,589.5675488451994
2019-10-21 17:43:47,-0.037248149418678156,98.57092258480074,99.65639495849635,95.20037841796906,69.87163812931404,0.024969336179482424,20.600017823261602,19.497020392429075,19.56391464357894,0.08030267520037028,0.2755130412695297,0.2761023688566441,0.2871852541442247,-0.08680555224418664,589.3620867251254
2019-10-21 17:43:48,-0.036995219401060125,98.57104903001081,99.65639495849635,95.20037841796906,69.87163812931404,0.023262328939351786,20.595916703586585,19.499023726492275,19.55855235297647,0.08025896884414163,0.27590331226795767,0.276361117760341,0.2870400736243026,-0.08680555224418664,589.1314108255043
2019-10-21 17:43:49,-0.036573669371696746,98.57118390490155,99.65639495849635,95.20037841796906,69.87163812931404,0.023671662291655245,20.59510721415633,19.499732179797387,19.555287754619098,0.08018642764686168,0.2756749172727551,0.27620312085240656,0.2868625978767741,-0.08680555224418664,588.8831996250835
2019-10-21 17:43:50,-0.036750720384029364,98.5711080377755,99.65639495849635,95.20037841796906,69.87163812931404,0.022574300415345083,20.59380545538349,19.49414082951762,19.55461999586418,0.08013230072451658,0.2755172538173789,0.2758119218832969,0.28668116168542424,-0.08680555224418664,588.7124780330363
2019-10-21 17:43:51,-0.03623642934820604,98.57090572543942,99.65639495849635,95.20037841796906,69.87163812931404,0.02161628602719536,20.594378793712032,19.500339303539135,19.55461999586418,0.08009825582618223,0.2758015448396863,0.2759145303761772,0.28661615740169244,-0.08680555224418664,588.6220976289353
2019-10-21 17:43:52,-0.036320739354078715,98.56989416375887,99.65639495849635,95.20037841796906,69.87163812931404,0.020963094320955875,20.59609880869766,19.506018485222732,19.557958789638768,0.08013017536390654,0.2756490329484568,0.27576091628530436,0.28656903048217497,-0.08680555224418664,588.4024693771416
2019-10-21 17:43:53,-0.03623642934820604,98.56914392217915,99.65639495849635,95.20037841796906,69.87163812931404,0.020301193350574412,20.598965500340377,19.506173451741603,19.557884594221555,0.08011464607882354,0.2752564027037106,0.2754653263620016,0.2865110263402096,-0.08680555224418664,588.0486226826577
2019-10-21 17:43:54,-0.036750720384029364,98.56843582900278,99.65639495849635,95.20037841796906,69.87163812931404,0.022234640507535562,20.598068370685766,19.51043606026751,19.560407238406796,0.08008991018597637,0.27528523822208745,0.27582078137042165,0.2865500604356091,-0.08680555224418664,587.5248886855351
2019-10-21 17:43:55,-0.03687718539283838,98.56755071253232,99.65639495849635,95.20037841796906,69.87163812931404,0.02361940660259947,20.599720917103795,19.515089857550542,19.564784768022367,0.0800915807138236,0.27517116361564775,0.2757497058187064,0.2865296589049987,-0.08680555224418664,587.0231617747505
2019-10-21 17:43:56,-0.036919340395774713,98.56755914221299,99.65639495849635,95.20037841796906,69.87163812931404,0.024516456337137726,20.601366763348416,19.51989878140969,19.570275228896133,0.08013690648587454,0.2750227781998257,0.2755444948767737,0.28651220822112045,-0.08680555224418664,586.6938486521635
2019-10-21 17:43:57,-0.03687718539283838,98.56777831391044,99.65639495849635,95.20037841796906,69.87163812931404,0.025065137242729095,20.601852577049492,19.522745176906692,19.576136666855966,0.08019295652637969,0.2751429180304217,0.2759510382905716,0.2865728246165328,-0.08680555224418664,586.4984211955056
2019-10-21 17:43:58,-0.036750720384029364,98.56829252443137,99.65639495849635,95.20037841796906,69.87163812931404,0.02540479685095233,20.602338030621787,19.52130836984779,19.584298162749402,0.08018000684418063,0.2752054752586612,0.27605060764126094,0.2866549402266956,-0.08680555224418664,586.4183224409071
2019-10-21 17:43:59,-0.036539945369347675,98.56841896964144,99.65639495849635,95.20037841796906,69.87163812931404,0.026554413986477093,20.60422652806998,19.515251533134894,19.588007933610054,0.08013468143684345,0.2752048846308175,0.2760931796683028,0.28664338762387864,-0.08680555224418664,586.4820656231806
2019-10-21 17:44:00,-0.036244860348793304,98.5684611180448,99.65639495849635,95.20037841796906,69.87163812931404,0.02584896710785963,20.605575454818684,19.50941056916215,19.587265979437923,0.08016437512663993,0.2751882729274694,0.27579691325312244,0.2866253484657044,-0.08680555224418664,586.658024856818
2019-10-21 17:44:01,-0.035865465322366265,98.56841896964144,99.65639495849635,95.20037841796906,69.87163812931404,0.025099974125623807,20.606384810867908,19.50520185101567,19.58207230023301,0.08013523630537374,0.2755857150315688,0.27593341004320593,0.2866293155785769,-0.08680555224418664,586.9769649905775
2019-10-21 17:44:02,-0.0361689813435079,98.56829252443137,99.65639495849635,95.20037841796906,69.87163812931404,0.02390681088648068,20.606654596217652,19.506233917805474,19.5791786789617,0.08012279175169838,0.27534315976507506,0.275944199873296,0.2865953400279543,-0.08680555224418664,587.3760828405011
2019-10-21 17:44:03,-0.0361689813435079,98.5680817824146,99.65639495849635,95.20037841796906,69.87163812931404,0.023053307255560783,20.606384810867908,19.504446412022066,19.56990425181007,0.08009016281102385,0.27523507549490456,0.27583653561441024,0.28650673147126016,-0.08680555224418664,587.6577558184022
2019-10-21 17:44:04,-0.0361689813435079,98.56748327508694,99.65639495849635,95.20037841796906,69.87163812931404,0.02449032867496672,20.605575454818684,19.49643353815683,19.56561429128231,0.08002804327400159,0.27524755384538613,0.2758376326038574,0.2864856533098338,-0.08680555224418664,587.8740928667704
2019-10-21 17:44:05,-0.0361689813435079,98.56748327508694,99.65639495849635,95.20037841796906,69.87163812931404,0.02584025788713594,20.60422652806998,19.50559969548583,19.558066739346938,0.08000421770663828,0.2750184802742277,0.27557585206065244,0.2864156768316441,-0.08680555224418664,588.0631177497651
2019-10-21 17:44:06,-0.0361689813435079,98.5680817824146,99.65639495849635,95.20037841796906,69.87163812931404,0.02710309489206844,20.602338030621787,19.515480988509225,19.552670836726605,0.0799972872078282,0.2746838552829552,0.27560468917682285,0.2864125548125989,-0.08680555224418664,588.1755861935933
2019-10-21 17:44:07,-0.0361689813435079,98.56829252443137,99.65639495849635,95.20037841796906,69.87163812931404,0.027651775641353918,20.599909962474122,19.52360852114809,19.550957659741442,0.08003689591840171,0.2746917788798998,0.2758470833440492,0.2865224919674845,-0.08680555224418664,588.1695111325865
2019-10-21 17:44:08,-0.0361689813435079,98.56841896964144,99.65639495849635,95.20037841796906,69.87163812931404,0.02921072634627364,20.60379503156763,19.514050948314228,19.553055400892916,0.08011009417352719,0.2744853045695873,0.27582583831740515,0.28665502761905387,-0.08680555224418664,588.1015570936241
2019-10-21 17:44:09,-0.0361689813435079,98.56815764954064,99.65639495849635,95.20037841796906,69.87163812931404,0.031048372070932563,20.603309377923786,19.506193272161656,19.552954231386764,0.08017469273927905,0.2750739574710256,0.276178504967746,0.286715982816159,-0.08680555224418664,587.9673366591107
2019-10-21 17:44:10,-0.0361689813435079,98.56849483676748,99.65639495849635,95.20037841796906,69.87163812931404,0.030395180625202883,20.600935071220555,19.502706367652802,19.55332518624266,0.08024040335194513,0.2749526356900496,0.27607354125776573,0.2867002187075322,-0.08680555224418664,587.791552705922
2019-10-21 17:44:11,-0.0361689813435079,98.56835996187675,99.65639495849635,95.20037841796906,69.87163812931404,0.029149762126845183,20.595269112042388,19.496352882652094,19.5541682654606,0.0802517347992997,0.27534450997005877,0.27603720055593567,0.28668900650420187,-0.08680555224418664,587.7014222756426
2019-10-21 17:44:12,-0.0361689813435079,98.56843582900278,99.65639495849635,95.20037841796906,69.87163812931404,0.025918641260071887,20.59340741973383,19.487874771331647,19.55548346904059,0.08025482083325641,0.27539037414642004,0.2762630654798529,0.28663496398703553,-0.08680555224418664,587.6888584234791
2019-10-21 17:44:13,-0.0361689813435079,98.56894160984305,99.65639495849635,95.20037841796906,69.87163812931404,0.023784882161062997,20.590189989352325,19.473022394247053,19.557270796982625,0.08025583263599531,0.2754906166544613,0.27619249927692,0.286538852678313,-0.08680555224418664,587.6223350827248
2019-10-21 17:44:14,-0.0361689813435079,98.56911020345646,99.65639495849635,95.20037841796906,69.87163812931404,0.024647094947579107,20.586770197728335,19.470742512416237,19.559530249286706,0.0802335751466542,0.2756740733599059,0.27606021461787006,0.2865035282426232,-0.08923367947548444,587.6213304924258
2019-10-21 17:44:15,-0.0361689813435079,98.56940524227994,99.65639495849635,95.20037841796906,69.87163812931404,0.023950357181139553,20.583687660021695,19.474458992342363,19.55735173258754,0.08025259613157174,0.2756203666572535,0.2759348456259382,0.28640370282815686,-0.12504855863802122,587.5304504252273
2019-10-21 17:44:16,-0.0361689813435079,98.56952325780935,99.65639495849635,95.20037841796906,69.87163812931404,0.02374133573180736,20.58172479820699,19.474067736894725,19.55704822406908,0.08028021637167984,0.275438344075686,0.2761704905744486,0.2863538770269966,-0.22224110743521583,587.4954683174913
2019-10-21 17:44:17,-0.0361689813435079,98.5696834217421,99.65639495849635,95.20037841796906,69.87163812931404,0.023001051774912847,20.58063210529607,19.47190929403955,19.55729103088385,0.08035796674050949,0.27548420839098575,0.2763113774758682,0.2864203970610131,-0.11418943734956799,587.5766618635286
2019-10-21 17:44:18,-0.0361689813435079,98.57010490577565,99.65639495849635,95.20037841796906,69.87163812931404,0.024734186855229535,20.58132015130463,19.466297620937873,19.55729103088385,0.08045913912963776,0.27542561285701456,0.2762368472167114,0.28647266887562617,0.18892180971749212,587.7602891899783
2019-10-21 17:44:19,-0.0361689813435079,98.56971714046477,99.65639495849635,95.20037841796906,69.87163812931404,0.025970896197991016,20.578264561010727,19.48512904293893,19.55729103088385,0.0804781595240664,0.27552433905901663,0.27634872624646334,0.2865194572018584,0.43740018723762736,587.986403387467
2019-10-21 17:44:20,-0.0361689813435079,98.56997003088492,99.65639495849635,95.20037841796906,69.87163812931404,0.025613818148320453,20.579107684689006,19.501822278216224,19.55729103088385,0.08044659262978969,0.2750447821783859,0.2759393167384585,0.2865437397034302,0.6023105107907797,588.2428768131298
2019-10-21 17:44:21,-0.0361689813435079,98.56979300759082,99.65639495849635,95.20037841796906,69.87163812931404,0.024516456337137733,20.578939024385072,19.510839982466322,19.55729103088385,0.0804173036680357,0.27525833790952575,0.27562829629802565,0.2865514960878108,0.6775150143200572,588.3933626188281
2019-10-21 17:44:22,-0.0361689813435079,98.57017234322103,99.65639495849635,95.20037841796906,69.87163812931404,0.022591718557206136,20.58266907805333,19.514232639944133,19.55729103088385,0.0802858303060067,0.27489765860261967,0.27549314728150076,0.2865174386329036,0.6630136978254599,588.5393790576301
2019-10-21 17:44:23,-0.0361689813435079,98.57080456927136,99.65639495849635,95.20037841796906,69.87163812931404,0.02181659791279928,20.583370586653174,19.523432520441858,19.55729103088385,0.08020226223207597,0.2749388850096508,0.2752929119380212,0.2864923149277844,0.558806561306988,588.6298426914898
2019-10-21 17:44:24,-0.0361689813435079,98.57122605330491,99.65639495849635,95.20037841796906,69.87163812931404,0.022443661804903696,20.58183267233258,19.528234993105507,19.55729103088385,0.08013913057970298,0.2751821201720168,0.27532688741917466,0.28650993560299803,0.36489360476464133,588.5847364305632
2019-10-21 17:44:25,-0.0361689813435079,98.57097316288477,99.65639495849635,95.20037841796906,69.87163812931404,0.022583009336482444,20.582183411071377,19.508951951851724,19.55729103088385,0.08013558946984095,0.27487296081367435,0.27545107619745823,0.28652165194491486,0.08741259425531156,588.4281768443161
2019-10-21 17:44:26,-0.0361689813435079,98.57081299895202,99.65639495849635,95.20037841796906,69.87163812931404,0.022635264660824484,20.5858258022851,19.49051156299659,19.559233485401986,0.08022077619543186,0.27494850581064717,0.2759044100910364,0.2866124554530732,-0.18332362049074766,588.2946336297182
2019-10-21 17:44:27,-0.0361689813435079,98.5705263898092,99.65639495849635,95.20037841796906,69.87163812931404,0.0220604560930621,20.585292971773335,19.473083207101592,19.558747871772454,0.08029124246680117,0.2749221998078014,0.2761585212948724,0.2867319205285239,-0.19674576978722405,588.0553655735556
2019-10-21 17:44:28,-0.0361689813435079,98.57019763226305,99.65639495849635,95.20037841796906,69.87163812931404,0.022670101543719172,20.585744924478625,19.46855751339934,19.55637376069473,0.08035842195535337,0.2751876067865152,0.2761519412338602,0.2868887378480339,-0.10076728444937252,587.7286689953942
2019-10-21 17:44:29,-0.0361689813435079,98.568840453675,99.65639495849635,95.20037841796906,69.87163812931404,0.02287912284108732,20.588955614672436,19.479848323724266,19.5526507228683,0.08039615931975,0.27518170370366535,0.2764391835891846,0.2870217793749217,-0.08923367947548444,587.3674908262326
2019-10-21 17:44:30,-0.0361689813435079,98.56851169612881,99.65639495849635,95.20037841796906,69.87163812931404,0.023227491670034222,20.592193305631383,19.486882843337753,19.546175874474514,0.08041619172532541,0.2751247923135209,0.2765373218726452,0.28706848753360137,-0.08680555224418664,587.028653800628
2019-10-21 17:44:31,-0.0361689813435079,98.56792161848185,99.65639495849635,95.20037841796906,69.87163812931404,0.023401676084507675,20.59375818959488,19.483220511661045,19.539188273858983,0.08042089682775799,0.2757235606372502,0.2766772789971817,0.28707177704308784,-0.19849941551268596,586.6339138360029
2019-10-21 17:44:32,-0.0361689813435079,98.56783732167514,99.65639495849635,95.20037841796906,69.87163812931404,0.023401676084507668,20.595053265978457,19.481170009621984,19.54036878483564,0.08030414475358191,0.2756134486281795,0.276748099874506,0.2870254943837661,-0.07587897798398177,586.3593122575683
2019-10-21 17:44:33,-0.0361689813435079,98.56856227421284,99.65639495849635,95.20037841796906,69.87163812931404,0.022913959723982004,20.5955389196223,19.492197779230917,19.542965624438096,0.0802580606201036,0.27595136347628485,0.27646658783192457,0.28696521171878897,0.051530265186355804,586.1662438310404
2019-10-21 17:44:34,-0.0361689813435079,98.56911020345646,99.65639495849635,95.20037841796906,69.87163812931404,0.023750044913454553,20.594675535366584,19.489189628120954,19.54697879266635,0.08020727162733521,0.27588914164574346,0.27630226817720194,0.28687752585311105,0.14865536273116364,585.9923964991732
2019-10-21 17:44:35,-0.0361689813435079,98.56948110940598,99.65639495849635,95.20037841796906,69.87163812931404,0.024411945688453646,20.596833996005884,19.478438459632056,19.552408289520407,0.08017479395602431,0.275732076946117,0.276031970560968,0.2868271888274976,0.20935854859355005,585.9687847146362
2019-10-21 17:44:36,-0.035865465322366265,98.57019763226305,99.65639495849635,95.20037841796906,69.87163812931404,0.02402873997661207,20.6020143015402,19.46711365937636,19.55925411500026,0.08017575454253437,0.2758956384825547,0.2760213464845873,0.28681706854235667,0.23363982277351505,586.1321717019977
2019-10-21 17:44:37,-0.036244860348793304,98.57049267108653,99.65639495849635,95.20037841796906,69.87163812931404,0.022373988039114306,20.600935071220555,19.46044308322299,19.562606175740626,0.08013472879752712,0.2760466370549244,0.27580028480583213,0.28685306981727027,0.2214991852710587,586.3146143204144
2019-10-21 17:44:38,-0.036539945369347675,98.57006275737231,99.65639495849635,95.20037841796906,69.87163812931404,0.021198243241418533,20.600449417576712,19.470216350955624,19.563867355560152,0.08020737041265558,0.27612411857762903,0.27576251178632605,0.2869458114489539,0.1729366360861809,586.452629320551
2019-10-21 17:44:39,-0.036750720384029364,98.56959069525472,99.65639495849635,95.20037841796906,69.87163812931404,0.02129404466937894,20.599154341193127,19.487192954216866,19.562498083759362,0.0802049926180386,0.27576630911627115,0.27603719610990135,0.2869216970630467,0.08795217521888168,586.5293458169451
2019-10-21 17:44:40,-0.03687718539283838,98.56975928886814,99.65639495849635,95.20037841796906,69.87163812931404,0.020536342466419444,20.592678959275226,19.49287200251944,19.557958789638768,0.08021293498905688,0.27585154660654054,0.2760732028034191,0.28692624764842667,-0.0334541973308389,586.5645851544307
2019-10-21 17:44:41,-0.036919340395774713,98.56949796876734,99.65639495849635,95.20037841796906,69.87163812931404,0.021276626227931597,20.587876384352782,19.48702433837329,19.556562450382316,0.08024328707398255,0.2758335043917177,0.2759179886960213,0.2870433548669446,-0.19128248156298092,586.5378574469167
2019-10-21 17:44:42,-0.03687718539283838,98.56979300759082,99.65639495849635,95.20037841796906,69.87163812931404,0.021929817782207026,20.58334361701025,19.487152286342873,19.556805417254317,0.08020408357773648,0.27554820154930404,0.27614520639528567,0.2870644342788181,-0.10319541199328214,586.4425856939301
2019-10-21 17:44:43,-0.036750720384029364,98.57064440533861,99.65639495849635,95.20037841796906,69.87163812931404,0.021555321134783215,20.579620272407457,19.49445679582366,19.55491691980613,0.08023478950445488,0.2754274696320093,0.27606038981940173,0.2870565944618288,-0.08923367947548444,586.313928137294
2019-10-21 17:44:44,-0.036539945369347675,98.57060225693525,99.65639495849635,95.20037841796906,69.87163812931404,0.023689080407465306,20.579916840666662,19.490942663801917,19.55381079987219,0.08025810964805004,0.27531382031651974,0.2762446889093715,0.28701671561994835,-0.08680555224418664,586.0699431590562
2019-10-21 17:44:45,-0.036244860348793304,98.57043366332184,99.65639495849635,95.20037841796906,69.87163812931404,0.025953477947584187,20.57609259331977,19.485378074201446,19.552697935304508,0.08022350781447422,0.27528287939258433,0.276292071197973,0.2869201809654155,-0.08680555224418664,585.8928946826302
2019-10-21 17:44:46,-0.035865465322366265,98.57090572543942,99.65639495849635,95.20037841796906,69.87163812931404,0.026763435583431475,20.575438523903884,19.47596895444649,19.554377349106645,0.08017120176887198,0.2752267260512554,0.2763230107325227,0.28684649489698505,-0.08680555224418664,585.9826877834096
2019-10-21 17:44:47,-0.0361689813435079,98.5702650697084,99.65639495849635,95.20037841796906,69.87163812931404,0.026258300846585928,20.57358374962442,19.473068721922463,19.553689396464804,0.08015278848387442,0.27560865170472193,0.2762721694293841,0.2868217118692294,-0.08680555224418664,586.2564436905883
2019-10-21 17:44:48,-0.0361689813435079,98.56980143727151,99.65639495849635,95.20037841796906,69.87163812931404,0.02607540723309796,20.572470885056738,19.479233477221282,19.549844955230988,0.08021592011888007,0.2753031126685914,0.276299144004609,0.2867318354286521,-0.08680555224418664,586.4938579283687
2019-10-21 17:44:49,-0.0361689813435079,98.56951482812869,99.65639495849635,95.20037841796906,69.87163812931404,0.026606669675532844,20.572099930200842,19.484710119821017,19.547754118770488,0.08017964968522964,0.2754567268289335,0.2761394599656686,0.28662408579201737,-0.08680555224418664,586.6053158064283
2019-10-21 17:44:50,-0.0361689813435079,98.56888260207835,99.65639495849635,95.20037841796906,69.87163812931404,0.02572703831731448,20.572470885056738,19.480481234463827,19.547416887083312,0.0801860744997618,0.27564625202359067,0.27569489656906354,0.2866191099851565,-0.08680555224418664,586.6848222781466
2019-10-21 17:44:51,-0.0361689813435079,98.56867186006157,99.65639495849635,95.20037841796906,69.87163812931404,0.026354102100873147,20.57358374962442,19.479314412826202,19.548833260169452,0.08023762244444649,0.27521416454604225,0.2754704621566207,0.28658926459181344,-0.08680555224418664,586.729927969981
2019-10-21 17:44:52,-0.0361689813435079,98.5691860705825,99.65639495849635,95.20037841796906,69.87163812931404,0.02534383234496309,20.575438523903884,19.47734481971586,19.549035599181764,0.08024333874176176,0.2753577439379309,0.27565746415745174,0.2865450876159273,-0.08680555224418664,586.7654233990309
2019-10-21 17:44:53,-0.0361689813435079,98.56943896100265,99.65639495849635,95.20037841796906,69.87163812931404,0.023715207874253998,20.578035207895145,19.482261857786426,19.549966358638372,0.08030439597187641,0.27517731769101667,0.27544854466731794,0.2865634668957109,-0.08680555224418664,586.7783205970478
2019-10-21 17:44:54,-0.0361689813435079,98.56943053132197,99.65639495849635,95.20037841796906,69.87163812931404,0.02509126490490012,20.58137380159819,19.47859293264114,19.550222654720628,0.08033601178989565,0.27517116326830116,0.27540959393505793,0.2865634669651802,-0.08680555224418664,586.8243628726433
2019-10-21 17:44:55,-0.0361689813435079,98.56937995323794,99.65639495849635,95.20037841796906,69.87163812931404,0.02562252736904413,20.578702926635756,19.478073706993733,19.54973029645735,0.08032397111326409,0.2748886361405573,0.27556708628759025,0.2865303339380213,-0.08680555224418664,587.0113612177227
2019-10-21 17:44:56,-0.0361689813435079,98.57027349938907,99.65639495849635,95.20037841796906,69.87163812931404,0.025544144382531067,20.578702926635756,19.47321073269794,19.547875522177883,0.08026822508770845,0.27471268051987824,0.275362635548021,0.2865172677384674,-0.08680555224418664,587.4070253883502
2019-10-21 17:44:57,-0.0361689813435079,98.5703577961958,99.65639495849635,95.20037841796906,69.87163812931404,0.024943208152597672,20.578702926635756,19.47525457902393,19.545744217914926,0.08020974796413005,0.27493163665413634,0.2754614474056491,0.28651389972869123,-0.1329399724523508,587.9587491975814
2019-10-21 17:44:58,-0.0361689813435079,98.5707034131033,99.65639495849635,95.20037841796906,69.87163812931404,0.024072286080230425,20.578702926635756,19.477541143244004,19.541157866969325,0.08016113474930381,0.27437662307199123,0.2752593564681525,0.286432707365299,-0.10198134829948025,588.3947913252129
2019-10-21 17:44:59,-0.0361689813435079,98.5703240774731,99.65639495849635,95.20037841796906,69.87163812931404,0.024037449197335744,20.578702926635756,19.48118328992585,19.5387837558916,0.08008227059682788,0.2745087394069686,0.27516273997880447,0.2863602017883939,-0.1281511671406967,588.5764810344295
2019-10-21 17:45:00,-0.0361689813435079,98.56952325780935,99.65639495849635,95.20037841796906,69.87163812931404,0.02334071153944195,20.578702926635756,19.479746638478144,19.537219000863104,0.0800044200532922,0.2744125414700502,0.2751362670412718,0.28626130580346415,0.048225309638988266,588.6042130476962
2019-10-21 17:45:01,-0.0361689813435079,98.56876458654895,99.65639495849635,95.20037841796906,69.87163812931404,0.023401676084507654,20.578702926635756,19.47656303797018,19.53700317258331,0.07996111908506422,0.27412841953597744,0.2751387106232997,0.2860846749413549,0.1298373688125253,588.3859315529867
2019-10-21 17:45:02,-0.0361689813435079,98.56851169612881,99.65639495849635,95.20037841796906,69.87163812931404,0.022495917129245722,20.58137380159819,19.477480085857596,19.538675841751704,0.07993962016555833,0.2742157661136774,0.27518592639403,0.28599606263331956,0.3130260924602454,587.9927988474759
2019-10-21 17:45:03,-0.0361689813435079,98.56799748560789,99.65639495849635,95.20037841796906,69.87163812931404,0.021189534020694872,20.578035207895145,19.477844389446464,19.53786648570248,0.07998201092987371,0.2743465338414649,0.27507665996507147,0.28600971890496285,0.4452241401824168,587.4559171094222
2019-10-21 17:45:04,-0.0361689813435079,98.56820822762467,99.65639495849635,95.20037841796906,69.87163812931404,0.021546612070365442,20.578109398866324,19.47014865119423,19.536517558953776,0.08004251181523583,0.27449787406376813,0.2752624789734829,0.2860196682956676,0.5018804465661532,586.9452591475924
2019-10-21 17:45:05,-0.0361689813435079,98.56914392217915,99.65639495849635,95.20037841796906,69.87163812931404,0.022069165313785798,20.575586905846244,19.46204819045706,19.534629061505587,0.08008707708967894,0.27468723399100115,0.27539147301153777,0.2861131688792674,0.4829950116114546,586.4816376657213
2019-10-21 17:45:06,-0.0361689813435079,98.570121765137,99.65639495849635,95.20037841796906,69.87163812931404,0.02259171855720614,20.570966831731926,19.464826939545087,19.532443800172686,0.08011333133790899,0.27474060342028495,0.27534695688661226,0.28621585872067773,0.388567835318321,586.1155603226541
2019-10-21 17:45:07,-0.0361689813435079,98.57045895236385,99.65639495849635,95.20037841796906,69.87163812931404,0.02200820076872009,20.563109333420723,19.461771580444953,19.53408274617236,0.08009992612825428,0.2746724828139892,0.27539627903547104,0.2863143355279542,0.21859891768675238,585.9455054223137
2019-10-21 17:45:08,-0.0361689813435079,98.57015548385968,99.65639495849635,95.20037841796906,69.87163812931404,0.022043037651614777,20.558152027619233,19.45145887983988,19.533846683991335,0.08009658713927101,0.2747698580468459,0.27552105837212915,0.2863883559520434,0.08970582090960824,585.9161601744626
2019-10-21 17:45:09,-0.0361689813435079,98.57019763226305,99.65639495849635,95.20037841796906,69.87163812931404,0.023088144138455467,20.55609491432746,19.448990232738886,19.533678068147744,0.08009001060382491,0.27519831957517044,0.2758113372992808,0.2865164240340259,-0.0805328901127714,585.9012419871812
2019-10-21 17:45:10,-0.0361689813435079,98.56981829663283,99.65639495849635,95.20037841796906,69.87163812931404,0.024037449197335758,20.556937993545404,19.44060658630516,19.53357689864159,0.0801281535993647,0.2752635736009743,0.2759284427115972,0.286630408608275,-0.06886438856939078,585.9199554514514
2019-10-21 17:45:11,-0.0361689813435079,98.5690174769691,99.65639495849635,95.20037841796906,69.87163812931404,0.02511739256707113,20.56068126527306,19.436768867474925,19.53354317547287,0.08019335868405872,0.2753423172416115,0.2758629331083014,0.2866377422720688,-0.15722124746160537,585.9214710866952
2019-10-21 17:45:12,-0.0361689813435079,98.56856227421284,99.65639495849635,95.20037841796906,69.87163812931404,0.025761874900622893,20.56999560447287,19.439041831276654,19.53357689864159,0.08024192179416464,0.2754028509685772,0.27589244227031506,0.286740854069904,-0.09651806163829549,585.9249314528265
2019-10-21 17:45:13,-0.0361689813435079,98.56793004816251,99.65639495849635,95.20037841796906,69.87163812931404,0.02540479685095233,20.56944928913964,19.442036515349297,19.533678068147744,0.08027222273233076,0.2756850347791246,0.27598999013433984,0.28685079351727594,-0.08680555224418664,585.9170118211886
2019-10-21 17:45:14,-0.0361689813435079,98.56788789975917,99.65639495849635,95.20037841796906,69.87163812931404,0.02523061243647888,20.574474041278567,19.447634672507295,19.533846683991335,0.08030065225485064,0.2757948891960942,0.27609057026309625,0.2869281913294946,-0.08680555224418664,585.9729921567709
2019-10-21 17:45:15,-0.0361689813435079,98.56843582900278,99.65639495849635,95.20037841796906,69.87163812931404,0.026031860743056745,20.578318482512373,19.454123165779787,19.53408274617236,0.08030125882589478,0.275486734780399,0.27560865517818645,0.2870537308685162,-0.08680555224418664,586.087318687174
2019-10-21 17:45:16,-0.0361689813435079,98.56880673495232,99.65639495849635,95.20037841796906,69.87163812931404,0.025605108927596792,20.57690210942623,19.46934600421048,19.53462906150559,0.08032169595951266,0.2753946676954529,0.27536676716415553,0.2870587043828908,-0.08680555224418664,586.3176472981786
2019-10-21 17:45:17,-0.0361689813435079,98.56952325780935,99.65639495849635,95.20037841796906,69.87163812931404,0.024037449197335758,20.570595876876034,19.46146811194081,19.53408274617236,0.08027975943747123,0.2752984700364118,0.27535631502425,0.28708889038412827,-0.08680555224418664,586.5794272256079
2019-10-21 17:45:18,-0.0361689813435079,98.56981829663283,99.65639495849635,95.20037841796906,69.87163812931404,0.022286895831877603,20.566151163239052,19.45489883867461,19.533846683991335,0.08025750156604905,0.2757783600222545,0.2757271081556537,0.287047829661337,-0.08680555224418664,586.8582407989161
2019-10-21 17:45:19,-0.0361689813435079,98.57045895236385,99.65639495849635,95.20037841796906,69.87163812931404,0.02185143479569398,20.561025241593974,19.45669965588413,19.53392087496252,0.08025790592937779,0.27573148604039627,0.2759178184268088,0.28704302613829785,-0.08680555224418664,587.0341203596223
2019-10-21 17:45:20,-0.0361689813435079,98.57045895236385,99.65639495849635,95.20037841796906,69.87163812931404,0.022565590895035112,20.55674914380058,19.451553500337813,19.531573742419763,0.08028987637071919,0.27569616118789086,0.2758738933465427,0.28702144321306156,-0.08680555224418664,587.1527490860391
2019-10-21 17:45:21,-0.0361689813435079,98.56981829663283,99.65639495849635,95.20037841796906,69.87163812931404,0.02239140648056167,20.553451017900002,19.44871400953178,19.533732025217688,0.08030191593584224,0.2757697662551373,0.2759964757865967,0.28690771359108097,-0.08680555224418664,587.2566209628602
2019-10-21 17:45:22,-0.0361689813435079,98.56921978930518,99.65639495849635,95.20037841796906,69.87163812931404,0.022913959723982018,20.551872773604018,19.445955454330672,19.53548562999101,0.08027743303275628,0.2757825819484568,0.2761376951680047,0.2868545161677418,-0.08680555224418664,587.3353726758284
2019-10-21 17:45:23,-0.0361689813435079,98.56857913357419,99.65639495849635,95.20037841796906,69.87163812931404,0.023027179593389763,20.54600494224715,19.449435525285107,19.536834556739713,0.08031486685112103,0.2757900011984071,0.2761653488054704,0.28677441898759526,-0.08680555224418664,587.376431409575
2019-10-21 17:45:24,-0.0361689813435079,98.56857913357419,99.65639495849635,95.20037841796906,69.87163812931404,0.02429001659832226,20.545269777169104,19.462304486539317,19.535836350945672,0.08032751333463461,0.27566724841967133,0.276177064383225,0.286722145714127,-0.08680555224418664,587.3723847360337
2019-10-21 17:45:25,-0.0361689813435079,98.56891632080104,99.65639495849635,95.20037841796906,69.87163812931404,0.02590993165292533,20.549680767637376,19.469629314395988,19.53880398979283,0.08033520205593352,0.27520084902123215,0.2756157280542917,0.2867129527744443,-0.08680555224418664,587.3154767798948
2019-10-21 17:45:26,-0.0361689813435079,98.56959069525472,99.65639495849635,95.20037841796906,69.87163812931404,0.025761874900622886,20.548857922320657,19.47234751294547,19.54082737991589,0.08031658637218006,0.27509360512097747,0.27579749978227813,0.2867457464441559,-0.08680555224418664,587.2734005089977
2019-10-21 17:45:27,-0.0361689813435079,98.57060225693525,99.65639495849635,95.20037841796906,69.87163812931404,0.024777732958847914,20.54601168688088,19.46984532051713,19.541292759644193,0.0802844643835979,0.2749361983546016,0.275744050463319,0.28682819939715665,-0.08680555224418664,587.3163954372465
2019-10-21 17:45:28,-0.0361689813435079,98.57118390490155,99.65639495849635,95.20037841796906,69.87163812931404,0.02428130737759858,20.5422953936882,19.468732478179614,19.5390467966076,0.08025780617148745,0.27503863282692803,0.27577119704448877,0.28684100793514006,-0.08680555224418664,587.4120049465523
2019-10-21 17:45:29,-0.0361689813435079,98.57155481085108,99.65639495849635,95.20037841796906,69.87163812931404,0.025369959968057618,20.535517036775943,19.46733631676453,19.540159661175284,0.08021030576773755,0.27480129970537254,0.2755469367915385,0.2868604801751524,-0.08680555224418664,587.412511296485
2019-10-21 17:45:30,-0.0361689813435079,98.57163067797711,99.65639495849635,95.20037841796906,69.87163812931404,0.02725115164437085,20.531443277994853,19.467450908847656,19.539107498311292,0.08015683607691117,0.2750374496261007,0.27550781669316665,0.2868410908814642,-0.08680555224418664,587.5334161078196
2019-10-21 17:45:31,-0.0361689813435079,98.57163067797711,99.65639495849635,95.20037841796906,69.87163812931404,0.026841818270358243,20.529284995196925,19.461812283887216,19.541589523528913,0.08011697422027052,0.2751799335568663,0.2757237364640054,0.286783846386108,-0.08680555224418664,587.7726026415008
2019-10-21 17:45:32,-0.0361689813435079,98.57155481085108,99.65639495849635,95.20037841796906,69.87163812931404,0.026658924635161126,20.529284995196925,19.450744024245665,19.54104995282943,0.08010053275140036,0.2751655146514348,0.2759610710444157,0.2866956597163694,-0.08680555224418664,588.0632207554833
2019-10-21 17:45:33,-0.035865465322366265,98.5708804363974,99.65639495849635,95.20037841796906,69.87163812931404,0.02646732162293445,20.531200471180085,19.45517524861518,19.54137369524912,0.0801270901462139,0.27505312835697887,0.27594648499588925,0.2866188559359893,-0.08680555224418664,588.229900084455
2019-10-21 17:45:34,-0.036244860348793304,98.57067812406129,99.65639495849635,95.20037841796906,69.87163812931404,0.02830496739101168,20.535820545294406,19.461643668043664,19.538190228122172,0.08008727896741519,0.2749376257399588,0.2759526385849734,0.2865497254547272,-0.08680555224418664,588.1942393340726
2019-10-21 17:45:35,-0.036539945369347675,98.5702650697084,99.65639495849635,95.20037841796906,69.87163812931404,0.02877526546205405,20.542531455869224,19.460706435161384,19.53694921551336,0.08007746535442392,0.27492675303301434,0.2759759882530138,0.28658041330206474,-0.08680555224418664,588.0258676666773
2019-10-21 17:45:36,-0.036750720384029364,98.5694221016413,99.65639495849635,95.20037841796906,69.87163812931404,0.028418187520929235,20.546180302724473,19.450879370416022,19.531877250938223,0.08006507186067155,0.27428742965340436,0.27619308573660634,0.28666801378999374,-0.08680555224418664,587.7923236838047
2019-10-21 17:45:37,-0.03687718539283838,98.56921978930518,99.65639495849635,95.20037841796906,69.87163812931404,0.027939180446254715,20.548959091826813,19.44578703855863,19.525699166429153,0.08007696039957343,0.2743910484380665,0.27572735699462486,0.286694233234113,-0.08680555224418664,587.6936800585497
2019-10-21 17:45:38,-0.036919340395774713,98.56897532856573,99.65639495849635,95.20037841796906,69.87163812931404,0.02750371943178026,20.54971449080609,19.44038445354903,19.518165410537623,0.08011591252121913,0.2746495421116178,0.27548707059491256,0.2867260172372662,-0.08680555224418664,587.5208438615437
2019-10-21 17:45:39,-0.03687718539283838,98.56877301622961,99.65639495849635,95.20037841796906,69.87163812931404,0.027904343563360037,20.547906928962824,19.439615431921247,19.51558221581385,0.08010463211642022,0.2746750889541395,0.27516138435521653,0.2867080561625661,-0.08680555224418664,587.2142878890329
2019-10-21 17:45:40,-0.036750720384029364,98.56869714910357,99.65639495849635,95.20037841796906,69.87163812931404,0.02874913790842882,20.548149735777596,19.44618473186365,19.51138705362537,0.08014965368248107,0.27487423335199956,0.2754721526916216,0.2867180916951817,-0.08680555224418664,586.9965145938062
2019-10-21 17:45:41,-0.036539945369347675,98.56883202399432,99.65639495849635,95.20037841796906,69.87163812931404,0.027207605731793046,20.547711334584257,19.436384445581737,19.50867571086047,0.0801803082019301,0.2751905638160136,0.2756283832735677,0.2868026514431266,-0.08680555224418664,586.8081625202612
2019-10-21 17:45:42,-0.036244860348793304,98.56849483676748,99.65639495849635,95.20037841796906,69.87163812931404,0.02611024376864627,20.54720548705349,19.430826418327612,19.507987758218626,0.08019007023397878,0.2750552473785168,0.2759721982868131,0.2869596360446698,-0.08680555224418664,586.6496621867732
2019-10-21 17:45:43,-0.035865465322366265,98.5679890559272,99.65639495849635,95.20037841796906,69.87163812931404,0.025221903059449317,20.546632193185282,19.44587405633821,19.50986276639933,0.080210557472317,0.27539349602652674,0.27622504424659866,0.2871944426378733,-0.08680555224418664,586.4351839363453
2019-10-21 17:45:44,-0.0361689813435079,98.5680817824146,99.65639495849635,95.20037841796906,69.87163812931404,0.02737308073450227,20.546605214650313,19.458169928241773,19.509930212736762,0.0802201184428935,0.2758807218991801,0.2763378493713617,0.28740555666265577,-0.08680555224418664,586.2768506314667
2019-10-21 17:45:45,-0.0361689813435079,98.56778674359111,99.65639495849635,95.20037841796906,69.87163812931404,0.02814820137890911,20.54366455433813,19.457657424997937,19.510132551749074,0.08023170305368246,0.27627621594564694,0.276471392397003,0.28760511891825297,-0.08680555224418664,586.0779582559386
2019-10-21 17:45:46,-0.0361689813435079,98.56710393945676,99.65639495849635,95.20037841796906,69.87163812931404,0.02887977591969759,20.546733362691434,19.45032578137097,19.51046978343625,0.08024090974828321,0.2760957053630233,0.2765199542740291,0.2877030043335235,-0.08680555224418664,585.9411197119955
2019-10-21 17:45:47,-0.0361689813435079,98.56778674359111,99.65639495849635,95.20037841796906,69.87163812931404,0.030107776041735396,20.547003148041178,19.448504708030047,19.510941907798305,0.08022962969083071,0.2761483967721054,0.27655030720995355,0.2876753487509177,-0.08680555224418664,585.8768751593475
2019-10-21 17:45:48,-0.0361689813435079,98.5680817824146,99.65639495849635,95.20037841796906,69.87163812931404,0.029393619786088378,20.552122325052512,19.449765976770262,19.51093516316456,0.08033353362953209,0.27577861205681314,0.27645790306004664,0.2875343814735376,-0.08680555224418664,585.9016588473393
2019-10-21 17:45:49,-0.0361689813435079,98.5679890559272,99.65639495849635,95.20037841796906,69.87163812931404,0.03067387542785057,20.55637144431094,19.450285380259043,19.50929621716488,0.08039484431832561,0.27566589092041327,0.2763690413572855,0.28726517660912465,-0.08680555224418664,585.8863962169032
2019-10-21 17:45:50,-0.0361689813435079,98.56849483676748,99.65639495849635,95.20037841796906,69.87163812931404,0.030639038696919946,20.55889393733102,19.449550326331845,19.50953902397965,0.08047461883102007,0.2751751237121227,0.2763257079469026,0.2869987578797738,-0.08680555224418664,585.9234139680323
2019-10-21 17:45:51,-0.0361689813435079,98.56852855549016,99.65639495849635,95.20037841796906,69.87163812931404,0.028583662714679006,20.559622357775325,19.433518082945554,19.513855589575506,0.08049824203436214,0.2752387772351165,0.2759419280193355,0.28668908882530214,-0.08680555224418664,586.0551922849302
2019-10-21 17:45:52,-0.0361689813435079,98.56877301622961,99.65639495849635,95.20037841796906,69.87163812931404,0.026798272531453615,20.559521188269176,19.43515694002455,19.515150559254266,0.08045751959224426,0.2748355245117827,0.276033489715248,0.28655115923125773,-0.08680555224418664,586.2423623536312
2019-10-21 17:45:53,-0.0361689813435079,98.56914392217915,99.65639495849635,95.20037841796906,69.87163812931404,0.02513481123863545,20.557733860327147,19.443763408349728,19.517794455681727,0.08043814526918629,0.27508238576231103,0.27585230840669717,0.28646229641698795,-0.08680555224418664,586.4389813474303
2019-10-21 17:45:54,-0.0361689813435079,98.56955697653203,99.65639495849635,95.20037841796906,69.87163812931404,0.026824400232701107,20.554017567134462,19.450609411670943,19.52124770815842,0.08036363218630965,0.27486191707335494,0.27589859363638225,0.28649349069539826,-0.08680555224418664,586.7489873001365
2019-10-21 17:45:55,-0.035865465322366265,98.57023135098572,99.65639495849635,95.20037841796906,69.87163812931404,0.026206045648156977,20.549161430839128,19.445105630478984,19.52497074598485,0.08025082523797797,0.2751177116568556,0.27576369547343815,0.28656296511908025,-0.08680555224418664,586.9907873905084
2019-10-21 17:45:56,-0.036244860348793304,98.57039994459913,99.65639495849635,95.20037841796906,69.87163812931404,0.027451464211642126,20.549060261332976,19.448012567622442,19.528423998461538,0.08020302137503278,0.2752288370143569,0.27585618277807666,0.28664837218386935,-0.08680555224418664,587.2525681715763
2019-10-21 17:45:57,-0.036539945369347675,98.5705263898092,99.65639495849635,95.20037841796906,69.87163812931404,0.027817251395199763,20.545822837136082,19.45062948551492,19.531067894889002,0.0801811682316531,0.2747886539339193,0.2761057425629014,0.2867176734900982,-0.1717900106540098,587.4506956869645
2019-10-21 17:45:58,-0.03644720436288773,98.57030721811176,99.65639495849635,95.20037841796906,69.87163812931404,0.026371520581396937,20.548257649917495,19.455519344978985,19.53236286456776,0.08021394717387687,0.2746195277689784,0.27609292617488895,0.2867813261099914,-0.08255632919865082,587.6586865689667
2019-10-21 17:45:59,-0.036953064398123785,98.5702650697084,99.65639495849635,95.20037841796906,69.87163812931404,0.02713793213967685,20.548298117719952,19.456915484163904,19.533711791316467,0.08022583501808592,0.2751162839241524,0.27621492257207203,0.2867838549308296,0.01888543702575162,587.6961247370809
2019-10-21 17:46:00,-0.03729030442161449,98.57039994459913,99.65639495849635,95.20037841796906,69.87163812931404,0.026894073894286573,20.545155118395463,19.457320162188523,19.533172220616983,0.08025775551101288,0.275242070982229,0.2761354219941277,0.2867513954083689,0.0974623367520343,587.6788441051152
2019-10-21 17:46:01,-0.03745892443335984,98.56972557014547,99.65639495849635,95.20037841796906,69.87163812931404,0.024542584190349267,20.548365564057384,19.453698293868253,19.535654245834603,0.08029802183518621,0.2755246773744247,0.27582330657885695,0.2866272110761193,0.14703660392330567,587.5944504104309
2019-10-21 17:46:02,-0.03745892443335984,98.5690090472884,99.65639495849635,95.20037841796906,69.87163812931404,0.021834016393323094,20.551002715851105,19.45625451005706,19.529934796420086,0.08028426283584074,0.27558689566203265,0.2759343455165702,0.2865470294213248,0.1676082385395657,587.4701816941212
2019-10-21 17:46:03,-0.03729030442161449,98.56871400846492,99.65639495849635,95.20037841796906,69.87163812931404,0.02074536360748169,20.552520258443394,19.454844881604657,19.529179397440814,0.08027348842793156,0.27549828814737776,0.2756449097381057,0.2864579098485852,0.1591772406008143,587.313111916568
2019-10-21 17:46:04,-0.036953064398123785,98.56914392217915,99.65639495849635,95.20037841796906,69.87163812931404,0.022382697259837984,20.55316099864902,19.45492581720958,19.52683226489807,0.08023640862503274,0.27505667233244857,0.275706707041859,0.28645664564657397,0.12174361010705159,587.2199445248777
2019-10-21 17:46:05,-0.0361436883417461,98.56931251579257,99.65639495849635,95.20037841796906,69.87163812931404,0.023044598034837074,20.55353869813866,19.454177162864056,19.524222091639317,0.08018713691087337,0.2755514043611252,0.27580745577256527,0.28647958106928006,0.05530734705827751,587.1604223006827
2019-10-21 17:46:06,-0.03661582437463308,98.56921978930518,99.65639495849635,95.20037841796906,69.87163812931404,0.02392422932792798,20.5528642347643,19.453610613629593,19.519332232175252,0.08020479113975071,0.2755829364686586,0.2758943776845384,0.2865696254171143,-0.04013154854550794,587.0941550514931
2019-10-21 17:46:07,-0.036312308353491446,98.56908491441445,99.65639495849635,95.20037841796906,69.87163812931404,0.023689080368388835,20.55199417701139,19.449847108000696,19.5190152343893,0.08020119903943501,0.2754367410719819,0.2759879617702163,0.2867112664770698,-0.16457307670430474,587.082863547587
2019-10-21 17:46:08,-0.036523083368173136,98.56989416375887,99.65639495849635,95.20037841796906,69.87163812931404,0.02358456971970477,20.550139402731922,19.4488084344042,19.516958121097517,0.08018875387790345,0.2758638552435635,0.2766238250932501,0.2868924502865146,-0.10319541199328214,587.0762058782706
2019-10-21 17:46:09,-0.037248149418678156,98.57066126469994,99.65639495849635,95.20037841796906,69.87163812931404,0.025648655031215137,20.547542718740665,19.448606095391902,19.520013440183337,0.0802106065176308,0.27603955917703027,0.27690491517940674,0.2870635161727742,-0.08923367947548444,587.16178485008
2019-10-21 17:46:10,-0.03750107943629618,98.57039994459913,99.65639495849635,95.20037841796906,69.87163812931404,0.026258300481872214,20.544204125037616,19.45142535229671,19.516958121097517,0.08025623545363256,0.27587372252157577,0.27672280638645935,0.2872822147844005,-0.08680555224418664,587.347092137194
2019-10-21 17:46:11,-0.037585389442168854,98.57009647609499,99.65639495849635,95.20037841796906,69.87163812931404,0.024934498931874015,20.546875000000057,19.449482897778573,19.5190152343893,0.08031491556645573,0.2754848874532264,0.2763839646097116,0.28740058544076763,-0.08680555224418664,587.5997675826793
2019-10-21 17:46:12,-0.037197563415154546,98.56966656238075,99.65639495849635,95.20037841796906,69.87163812931404,0.023715208030559883,20.546632193185282,19.448100247861156,19.519332232175252,0.08033626375498493,0.2756305747515676,0.2764226636547595,0.287459765836632,-0.08680555224418664,587.8990615097808
2019-10-21 17:46:13,-0.03732402842396356,98.56979300759082,99.65639495849635,95.20037841796906,69.87163812931404,0.023244910111481564,20.546935701703745,19.451452330831682,19.524222091639317,0.08033515148229553,0.2750370349639506,0.27569321784384127,0.2874714817617331,-0.08680555224418664,588.1645432407777
2019-10-21 17:46:14,-0.037197563415154546,98.57017234322103,99.65639495849635,95.20037841796906,69.87163812931404,0.02440323646772999,20.547171763884773,19.451088120609533,19.528774719416205,0.08038624438580955,0.27497523564558823,0.27561329336433227,0.2874549546719718,-0.08680555224418664,588.412583002123
2019-10-21 17:46:15,-0.03681816838872751,98.57003746833028,99.65639495849635,95.20037841796906,69.87163812931404,0.023654243485494154,20.54734037972836,19.453104766098857,19.530636238329414,0.08041214491381812,0.2752066680462494,0.2756024168365771,0.2874487173029323,-0.08680555224418664,588.6161941492767
2019-10-21 17:46:16,-0.036953064398123785,98.57067812406129,99.65639495849635,95.20037841796906,69.87163812931404,0.02264397388154816,20.54744154923452,19.452882193185317,19.529017526230966,0.08049105993517652,0.27517024523172695,0.2754770456216282,0.2874310977392272,-0.08680555224418664,588.8610385992604
2019-10-21 17:46:17,-0.03661582437463308,98.57080456927136,99.65639495849635,95.20037841796906,69.87163812931404,0.022077874534509455,20.547475272403233,19.45193119982747,19.52737183559755,0.08052019734968974,0.2756047784448512,0.2756155657045778,0.28739990325240905,-0.08680555224418664,589.1750111257572
2019-10-21 17:46:18,-0.03687718539283838,98.57118390490155,99.65639495849635,95.20037841796906,69.87163812931404,0.022121420638127824,20.54744154923452,19.451910965926224,19.522967589763017,0.08054007773910671,0.2759621674781088,0.27603247497743205,0.28733532377334264,-0.08680555224418664,589.4641140313153
2019-10-21 17:46:19,-0.036750720384029364,98.57104903001081,99.65639495849635,95.20037841796906,69.87163812931404,0.023567151278257446,20.54734037972836,19.452598918568057,19.522731527581993,0.08054908158340121,0.27609841237257216,0.2762457777709125,0.2873515134507966,-0.08680555224418664,589.819313031534
2019-10-21 17:46:20,-0.036539945369347675,98.5706191162966,99.65639495849635,95.20037841796906,69.87163812931404,0.02381100945852028,20.547171763884773,19.449873926478425,19.519811101171044,0.08054462908864878,0.2762349106909797,0.27652686667609133,0.2873682920193622,-0.08680555224418664,590.1969327059676
2019-10-21 17:46:21,-0.03594134432765167,98.57057696789323,99.65639495849635,95.20037841796906,69.87163812931404,0.024725477634505888,20.546935701703745,19.454743912170017,19.520519287714112,0.08053466339002978,0.2765928039322929,0.27697843382686543,0.2873285840024487,-0.08680555224418664,590.4298788573097
2019-10-21 17:46:22,-0.03594134432765167,98.5706191162966,99.65639495849635,95.20037841796906,69.87163812931404,0.025518016720360075,20.546632193185282,19.454676421372238,19.5248560872112,0.08053289312165955,0.27708390577411945,0.27724696046266883,0.287334825748053,-0.08680555224418664,590.4640184237979
2019-10-21 17:46:23,-0.03623642934820604,98.57074556150666,99.65639495849635,95.20037841796906,69.87163812931404,0.023915520107204352,20.544204125037616,19.455074310302763,19.528450976996506,0.08052955408057431,0.2767539994144225,0.276904751231899,0.28731096687016855,-0.08680555224418664,590.3859476298458
2019-10-21 17:46:24,-0.03682659938931477,98.57095630352345,99.65639495849635,95.20037841796906,69.87163812931404,0.02526544931937357,20.547542718740665,19.45056885050175,19.531843527769503,0.0804837744309632,0.2768760788968678,0.27718465943714465,0.28722808980719544,-0.08680555224418664,590.2751669717019
2019-10-21 17:46:25,-0.037248149418678156,98.57125134234693,99.65639495849635,95.20037841796906,69.87163812931404,0.025291576981544585,20.550139402731922,19.451884009621413,19.53066321686439,0.08044441851911034,0.27668149237866246,0.27681099764117045,0.2870990962554254,-0.08680555224418664,590.1647243544232
2019-10-21 17:46:26,-0.03750107943629618,98.57163067797711,99.65639495849635,95.20037841796906,69.87163812931404,0.026031860743056738,20.55199417701139,19.450804823762116,19.526852498799293,0.08039317451990592,0.2764130523015856,0.27661396434535007,0.2869388195740324,-0.08680555224418664,590.2217267798949
2019-10-21 17:46:27,-0.03728187342102722,98.57132720947297,99.65639495849635,95.20037841796906,69.87163812931404,0.026066697625951422,20.553107041579075,19.45053499395204,19.520411373574223,0.08030738058068004,0.2761192359985458,0.276311544688432,0.28685990066239414,-0.08680555224418664,590.2923739062062
2019-10-21 17:46:28,-0.03757695844158159,98.57132720947297,99.65639495849635,95.20037841796906,69.87163812931404,0.025788002406488028,20.553477996434964,19.45316535665167,19.515636172883802,0.08023124865510273,0.2755969375858227,0.2759920094674566,0.28683502600465427,-0.08680555224418664,590.3274501987287
2019-10-21 17:46:29,-0.03761911344451793,98.57132720947297,99.65639495849635,95.20037841796906,69.87163812931404,0.0269202012959478,20.553107041579075,19.45205244762365,19.51191313505737,0.08018582189208168,0.27571202019155805,0.276141155571927,0.2869021364581065,-0.08680555224418664,590.2846166081657
2019-10-21 17:46:30,-0.037408338429836235,98.57132720947297,99.65639495849635,95.20037841796906,69.87163812931404,0.02819174767356803,20.55199417701139,19.450636030077163,19.50953902397965,0.08018192579418373,0.275913857357764,0.27629569589674946,0.2869479186607138,-0.08680555224418664,590.1777060626564
2019-10-21 17:46:31,-0.03694463339753652,98.57132720947297,99.65639495849635,95.20037841796906,69.87163812931404,0.028897194660731255,20.548682561843314,19.458851354105544,19.509053410350113,0.08020772453232544,0.2762908877192686,0.27643699843288927,0.2870254859779829,-0.08680555224418664,589.902429682949
2019-10-21 17:46:32,-0.036995219401060125,98.57163067797711,99.65639495849635,95.20037841796906,69.87163812931404,0.028017563432767782,20.545236054000377,19.454514394551225,19.51099586486825,0.08025623710352803,0.2764530960635434,0.2762559825307014,0.28715465480075386,-0.08680555224418664,589.5498418207785
2019-10-21 17:46:33,-0.036573669371696746,98.57155481085108,99.65639495849635,95.20037841796906,69.87163812931404,0.02546576178244092,20.546652427086528,19.451526521802837,19.509053410350113,0.08029979146096555,0.27657298365117294,0.2761296891110212,0.2871957160792994,-0.08680555224418664,589.2204389238707
2019-10-21 17:46:34,-0.036750720384029364,98.57118390490155,99.65639495849635,95.20037841796906,69.87163812931404,0.026676343441322223,20.552931681101754,19.450197828955353,19.511724285312553,0.08028916875660301,0.276915280621647,0.2763005853532918,0.2871844177340583,-0.08680555224418664,588.9926305384084
2019-10-21 17:46:35,-0.036539945369347675,98.57060225693525,99.65639495849635,95.20037841796906,69.87163812931404,0.026467322078826627,20.552722597455706,19.447075063532104,19.513309274242282,0.08033343133601296,0.2764368208694019,0.27639012465943896,0.287148163452016,-0.08680555224418664,588.8563808627911
2019-10-21 17:46:36,-0.036244860348793304,98.56989416375887,99.65639495849635,95.20037841796906,69.87163812931404,0.02523932184824306,20.5547055197763,19.447709059103993,19.514422138809962,0.08031314639222673,0.2758408349293934,0.2762226847918725,0.28708534835379806,-0.08680555224418664,588.8391017958295
2019-10-21 17:46:37,-0.035865465322366265,98.568840453675,99.65639495849635,95.20037841796906,69.87163812931404,0.024490328714043174,20.558138538351756,19.448815179037936,19.515062879015595,0.08028451535668428,0.2752388637243734,0.27605490556685863,0.2870336639019722,-0.08680555224418664,588.8446658118916
2019-10-21 17:46:38,-0.0361689813435079,98.56851169612881,99.65639495849635,95.20037841796906,69.87163812931404,0.023819718366632152,20.564950618432714,19.452261686880885,19.515231494859187,0.08029468296777417,0.2748511207826215,0.2759015456640922,0.28694918195962416,-0.08680555224418664,588.8929813269428
2019-10-21 17:46:39,-0.0361689813435079,98.56792161848185,99.65639495849635,95.20037841796906,69.87163812931404,0.026057988444304195,20.56571950667947,19.451816541053812,19.514927986340723,0.08035720766702198,0.2747726297322971,0.27590095566147216,0.28685155170502985,-0.08680555224418664,588.8463578657687
2019-10-21 17:46:40,-0.0361689813435079,98.56814079017929,99.65639495849635,95.20037841796906,69.87163812931404,0.027895634168963134,20.566454671757512,19.451681648378937,19.51415235346022,0.08036211416090586,0.2747634414470564,0.27580745125706174,0.2867322560651604,-0.08680555224418664,588.7520972476434
2019-10-21 17:46:41,-0.0361689813435079,98.56818293858265,99.65639495849635,95.20037841796906,69.87163812931404,0.028148201678495386,20.56908507891748,19.450980206469595,19.512904596217666,0.08038158954440319,0.2745986975434228,0.2757962347466359,0.2866305794332417,-0.08680555224418664,588.5454504195366
2019-10-21 17:46:42,-0.035865465322366265,98.56881516463298,99.65639495849635,95.20037841796906,69.87163812931404,0.027834669797570627,20.56787104484365,19.447176233038242,19.511184714613066,0.0803844228317412,0.2748592172886116,0.2755703707258192,0.2865807537710201,-0.08680555224418664,588.2438764238708
2019-10-21 17:46:43,-0.036244860348793304,98.56957383589338,99.65639495849635,95.20037841796906,69.87163812931404,0.027033421356396047,20.57350955865324,19.444620016849434,19.508992708646424,0.08038796437578624,0.2748301320281627,0.2759045786235166,0.28658336512136656,-0.08680555224418664,587.88209771999
2019-10-21 17:46:44,-0.036539945369347675,98.56969185142276,99.65639495849635,95.20037841796906,69.87163812931404,0.028261421652107065,20.569354864267225,19.442245905771713,19.51390970670269,0.08040324143527014,0.27526314740692354,0.27597784600057856,0.2866548571414333,-0.08680555224418664,587.6580853228819
2019-10-21 17:46:45,-0.036750720384029364,98.57015548385968,99.65639495849635,95.20037841796906,69.87163812931404,0.028122074207364914,20.564087305313535,19.437652810192372,19.510328106113334,0.08038432206654625,0.2749586205382456,0.2762424933326834,0.2868010528159873,-0.08680555224418664,587.6257024022543
2019-10-21 17:46:46,-0.036573669371696746,98.56989416375887,99.65639495849635,95.20037841796906,69.87163812931404,0.027155350707037285,20.56371635045764,19.434320961123078,19.507731266510874,0.08035842252847497,0.2751222646041914,0.27596249947181184,0.28693004581200293,-0.08680555224418664,587.6295830430979
2019-10-21 17:46:47,-0.036995219401060125,98.56959069525472,99.65639495849635,95.20037841796906,69.87163812931404,0.027172769061648033,20.568241999699545,19.435858737616613,19.505876381080547,0.08033621519595611,0.2755306622226208,0.27567011249926887,0.28701241442929415,-0.08680555224418664,587.8077341359829
2019-10-21 17:46:48,-0.037248149418678156,98.57023135098572,99.65639495849635,95.20037841796906,69.87163812931404,0.0259883147132495,20.57165478437377,19.43641179758359,19.504763449822352,0.08032088674657012,0.2757225512485689,0.2757126913343006,0.28702101340660763,-0.08680555224418664,588.0888252169398
2019-10-21 17:46:49,-0.03733245942455083,98.57006275737231,99.65639495849635,95.20037841796906,69.87163812931404,0.027312116593226788,20.56794523581483,19.435251720579707,19.504392472736292,0.08030232203590305,0.2758861968428389,0.27559828230273276,0.2870103080511657,-0.08680555224418664,588.242522126313
2019-10-21 17:46:50,-0.03694463339753652,98.57015548385968,99.65639495849635,95.20037841796906,69.87163812931404,0.027834669923483733,20.56847806188057,19.437855149204708,19.504763449822352,0.08025360715278121,0.27584513521694687,0.27545208843438024,0.2869325776894894,-0.08680555224418664,588.3300371503515
2019-10-21 17:46:51,-0.03707109840634553,98.56952325780935,99.65639495849635,95.20037841796906,69.87163812931404,0.027076967720524238,20.565011320136396,19.4381181899207,19.505876381080547,0.08031501829415788,0.2755397638796653,0.27561506344166203,0.286841270390091,-0.08680555224418664,588.2610766715399
2019-10-21 17:46:52,-0.03694463339753652,98.56923664866653,99.65639495849635,95.20037841796906,69.87163812931404,0.027076967633687627,20.556445635282117,19.43619596930379,19.51015949471578,0.08034091823167755,0.2753724118212725,0.2756890897706402,0.28674405979943507,-0.08680555224418664,588.0869837763165
2019-10-21 17:46:53,-0.0370289434034092,98.56877301622961,99.65639495849635,95.20037841796906,69.87163812931404,0.02610153458265723,20.554145715175572,19.435885716151585,19.51239208408178,0.08030717736566004,0.27502463330755755,0.2759082947438699,0.28665157110541084,-0.08680555224418664,587.7694750521305
2019-10-21 17:46:54,-0.03732402842396356,98.56843582900278,99.65639495849635,95.20037841796906,69.87163812931404,0.027773705291581414,20.543118239004905,19.43427374868688,19.51270234168002,0.08031324785211447,0.275114085290816,0.275914281398267,0.2866074779789494,-0.08680555224418664,587.5278449781031
2019-10-21 17:46:55,-0.0373661834268999,98.568225086986,99.65639495849635,95.20037841796906,69.87163812931404,0.028470443036311813,20.539638007993247,19.430328137946912,19.505080438716234,0.0803038890545187,0.2746161493388095,0.2764407105240239,0.28660250460351355,-0.08680555224418664,587.2909298343276
2019-10-21 17:46:56,-0.037155408412218205,98.56783732167514,99.65639495849635,95.20037841796906,69.87163812931404,0.02913234381131092,20.53740553422414,19.428365449527558,19.496278158156823,0.08033171200599448,0.27470543397056524,0.27653555881171293,0.28663285587217513,-0.08680555224418664,586.9857292975596
2019-10-21 17:46:57,-0.03745892443335984,98.5682588057087,99.65639495849635,95.20037841796906,69.87163812931404,0.028740428791909058,20.537702298108854,19.43382860285981,19.493047282968167,0.08032407351098714,0.27495887180864176,0.27642570140756423,0.28671522296114216,-0.08680555224418664,586.7422401410455
2019-10-21 17:46:58,-0.03729030442161449,98.5691860705825,99.65639495849635,95.20037841796906,69.87163812931404,0.026981166032054034,20.533115947163253,19.432540377814796,19.486706949336337,0.08031365212860661,0.27489934635884894,0.2766265231412612,0.2867820788791416,-0.08680555224418664,586.5161108626091
2019-10-21 17:46:59,-0.036953064398123785,98.56985201535552,99.65639495849635,95.20037841796906,69.87163812931404,0.027477591747900085,20.53122744971506,19.43017301137081,19.48400894022773,0.08034754546233289,0.27505186075097254,0.27644668849476073,0.28684809234314673,-0.08680555224418664,586.2764121457986
2019-10-21 17:47:00,-0.03644720436288773,98.57077928022935,99.65639495849635,95.20037841796906,69.87163812931404,0.02708567675020737,20.533979260282422,19.432196401493865,19.484953255642335,0.08031845914247729,0.2751182968660951,0.2763267142789353,0.2868573668397676,-0.08680555224418664,586.1259183728074
2019-10-21 17:47:01,-0.036539945369347675,98.57089729575873,99.65639495849635,95.20037841796906,69.87163812931404,0.026432485087386194,20.532090762834233,19.43111051546116,19.49221093059983,0.08028451627715226,0.275173945652022,0.276237176640051,0.2868282812319721,-0.08680555224418664,586.0175017243516
2019-10-21 17:47:02,-0.036244860348793304,98.57088886607806,99.65639495849635,95.20037841796906,69.87163812931404,0.026310555845290722,20.532414505253925,19.433322915386256,19.49710110128628,0.08027035175086755,0.27504276187269894,0.276313644536448,0.2868023137529421,-0.08680555224418664,586.0431303722337
2019-10-21 17:47:03,-0.035865465322366265,98.57097316288477,99.65639495849635,95.20037841796906,69.87163812931404,0.025073846150841007,20.533547603722837,19.429721080895668,19.502908564392026,0.08024435087447976,0.27558327436725083,0.275734689963726,0.2866969293369843,-0.08680555224418664,586.0253404026004
2019-10-21 17:47:04,-0.0361689813435079,98.57115018617887,99.65639495849635,95.20037841796906,69.87163812931404,0.026031860625827324,20.531119535575165,19.428014532947365,19.502092414802682,0.08032286094202049,0.27565949168794435,0.2754876644183435,0.28664137176422605,-0.08680555224418664,586.1166529799971
2019-10-21 17:47:05,-0.0361689813435079,98.57043366332184,99.65639495849635,95.20037841796906,69.87163812931404,0.02791305264948698,20.53198284869434,19.43114409191074,19.503576323146945,0.08038057949576366,0.275292743266602,0.2755761925990774,0.28653109219524486,-0.08680555224418664,586.2330014955764
2019-10-21 17:47:06,-0.0361689813435079,98.56989416375887,99.65639495849635,95.20037841796906,69.87163812931404,0.028740428878745665,20.529824565896405,19.4312316654446,19.500608506458423,0.08037541933479309,0.27549281334265746,0.27564600214258034,0.28658033237034974,-0.08680555224418664,586.3680673167996
2019-10-21 17:47:07,-0.0361689813435079,98.56931251579257,99.65639495849635,95.20037841796906,69.87163812931404,0.028513989313603383,20.526587141699515,19.427838736758694,19.499940747703505,0.08041947944597785,0.27584649507816084,0.27545512563143104,0.2866548606148974,-0.08680555224418664,586.504312439678
2019-10-21 17:47:08,-0.035865465322366265,98.56877301622961,99.65639495849635,95.20037841796906,69.87163812931404,0.02793918083267761,20.52227057610365,19.421842512828817,19.490221148048597,0.08043940959276874,0.27594817212689515,0.27546161593812973,0.2867874787265056,-0.08680555224418664,586.6666128874399
2019-10-21 17:47:09,-0.036244860348793304,98.56835996187675,99.65639495849635,95.20037841796906,69.87163812931404,0.02851398940043998,20.52178496247412,19.420574410534176,19.48688235427401,0.08043187184558903,0.2757949791588157,0.2755554533782825,0.28684463756623596,-0.08680555224418664,586.8480494928266
2019-10-21 17:47:10,-0.036539945369347675,98.56785418103647,99.65639495849635,95.20037841796906,69.87163812931404,0.02842689710636665,20.52372741699226,19.419758332081386,19.487253331360073,0.08032316228240263,0.2760431039166624,0.2755937273407878,0.2869312234552876,-0.08680555224418664,587.0165935952086
2019-10-21 17:47:11,-0.036750720384029364,98.56755914221299,99.65639495849635,95.20037841796906,69.87163812931404,0.028304967842562034,20.52372741699226,19.422719541963225,19.491334079306792,0.08025679292726093,0.27588982654340416,0.2757217955617088,0.2869610700296086,-0.08680555224418664,587.1012406782687
2019-10-21 17:47:12,-0.03687718539283838,98.56747484540628,99.65639495849635,95.20037841796906,69.87163812931404,0.02712922278435645,20.52372741699226,19.421964231904628,19.49504385016744,0.08030611427722298,0.2758537403770267,0.27630311424359905,0.28706308532428154,-0.08680555224418664,587.1118617913677
2019-10-21 17:47:13,-0.036919340395774713,98.56806492305324,99.65639495849635,95.20037841796906,69.87163812931404,0.025065136969193803,20.52372741699226,19.41683817243248,19.5010536789617,0.0803636819784182,0.27608112508044724,0.2759799518924222,0.2870609789461532,-0.08680555224418664,586.9554666728143
2019-10-21 17:47:14,-0.03687718539283838,98.56886574271701,99.65639495849635,95.20037841796906,69.87163812931404,0.025422215175170258,20.52372741699226,19.420372516125298,19.500682701875636,0.08041558421644597,0.275959466442918,0.2760457947398684,0.2870562573968678,-0.08680555224418664,586.75194615362
2019-10-21 17:47:15,-0.036750720384029364,98.56941367196063,99.65639495849635,95.20037841796906,69.87163812931404,0.02718147806962202,20.52372741699226,19.42426445878753,19.500682701875636,0.0804059224459399,0.2756739925671297,0.27618229444766185,0.2869575308475192,-0.08680555224418664,586.5595437074335
2019-10-21 17:47:16,-0.036539945369347675,98.56940524227994,99.65639495849635,95.20037841796906,69.87163812931404,0.027660485317969753,20.52372741699226,19.422254575716103,19.5010536789617,0.08041517981838256,0.27559651048867084,0.27628279308894943,0.2869295445216571,-0.08680555224418664,586.402978857082
2019-10-21 17:47:17,-0.036244860348793304,98.56952325780935,99.65639495849635,95.20037841796906,69.87163812931404,0.027486300968623752,20.52372741699226,19.41956332902537,19.49771488518711,0.0804604551731014,0.27576648014964555,0.2762779040492229,0.286851472648986,-0.08680555224418664,586.3289565862212
2019-10-21 17:47:18,-0.035865465322366265,98.56998689024627,99.65639495849635,95.20037841796906,69.87163812931404,0.026510868112975712,20.52372741699226,19.420022030810447,19.490666320551874,0.08037182879753624,0.27573469350665963,0.2762418173965606,0.28681800130641893,-0.08680555224418664,586.3669802081072
2019-10-21 17:47:19,-0.0361689813435079,98.57002903864961,99.65639495849635,95.20037841796906,69.87163812931404,0.027564683994213267,20.52178496247412,19.42596416428935,19.483988733002697,0.08028279680819522,0.27574168927186116,0.2761692274144767,0.28673082430323865,-0.08680555224418664,586.5463899910327
2019-10-21 17:47:20,-0.0361689813435079,98.56964970301942,99.65639495849635,95.20037841796906,69.87163812931404,0.027730159274799656,20.52227057610365,19.429458040179693,19.484433905505977,0.08023974783979118,0.2758388992372936,0.2759865284105011,0.28664525044270117,-0.08680555224418664,586.9034466510069
2019-10-21 17:47:21,-0.0361689813435079,98.56931251579257,99.65639495849635,95.20037841796906,69.87163812931404,0.028339804725456726,20.526587141699515,19.432554027139513,19.485992009267452,0.0802200694149471,0.27554128490961605,0.2758523085456358,0.28656987606228707,-0.08680555224418664,587.3105699232425
2019-10-21 17:47:22,-0.0361689813435079,98.56871400846492,99.65639495849635,95.20037841796906,69.87163812931404,0.0278085421744761,20.529581759081637,19.430274180876953,19.489404998459253,0.08025381005518942,0.2759452993636372,0.2762553923196733,0.286604356932474,-0.08680555224418664,587.6525349650367
2019-10-21 17:47:23,-0.0361689813435079,98.56914392217915,99.65639495849635,95.20037841796906,69.87163812931404,0.02684181850047527,20.530101095879893,19.42881733998834,19.48866304428712,0.08029498665274462,0.27567744866395677,0.27572356091512745,0.28653817229615564,-0.08680555224418664,587.9521693516461
2019-10-21 17:47:24,-0.0361689813435079,98.56931251579257,99.65639495849635,95.20037841796906,69.87163812931404,0.028043691094938795,20.533844367607557,19.429485058728943,19.486437181770732,0.0803090999801678,0.2755231625272405,0.2757071211482546,0.2865264494935956,-0.08680555224418664,588.1956521058712
2019-10-21 17:47:25,-0.035865465322366265,98.56952325780935,99.65639495849635,95.20037841796906,69.87163812931404,0.028357222975863544,20.533959026381197,19.42763702908322,19.482727410910076,0.08037607524639542,0.2755573940027015,0.27574464241107927,0.28652198275764024,-0.08680555224418664,588.4140989219131
2019-10-21 17:47:26,-0.036244860348793304,98.56931251579257,99.65639495849635,95.20037841796906,69.87163812931404,0.028183038452844346,20.536515242569994,19.42882424467932,19.48428551467155,0.08043591792766885,0.27562627356091357,0.27604242589646083,0.2866383319273425,-0.08680555224418664,588.5639225886434
2019-10-21 17:47:27,-0.036539945369347675,98.56944739068331,99.65639495849635,95.20037841796906,69.87163812931404,0.02735566233213141,20.537392044956654,19.42214685720169,19.479759594221555,0.08049429456392945,0.2756903474425387,0.27623675996329206,0.2867658911468274,-0.08680555224418664,588.6324677723009
2019-10-21 17:47:28,-0.036750720384029364,98.56970871078411,99.65639495849635,95.20037841796906,69.87163812931404,0.025248030565314446,20.535732865055746,19.41669703752573,19.480501548393686,0.08048746550763981,0.2757390763237211,0.2762366773643146,0.2869188304130855,-0.08680555224418664,588.6581810726723
2019-10-21 17:47:29,-0.03687718539283838,98.56941367196063,99.65639495849635,95.20037841796906,69.87163812931404,0.025648655070291616,20.532326825015268,19.41765466436646,19.479759594221555,0.08048362107752109,0.27567129076777713,0.27615844321139854,0.2870307135415252,-0.08680555224418664,588.6607111150582
2019-10-21 17:47:30,-0.036919340395774713,98.56886574271701,99.65639495849635,95.20037841796906,69.87163812931404,0.0259534779475842,20.531470256529836,19.41666988114939,19.48161447965188,0.08050233827326428,0.275193418239381,0.275896491218003,0.28703821782187783,-0.08680555224418664,588.7048910358861
2019-10-21 17:47:31,-0.03687718539283838,98.56806492305324,99.65639495849635,95.20037841796906,69.87163812931404,0.0264760312995503,20.531517468966044,19.416130288219737,19.483395169664995,0.0805241414682295,0.2752204828467966,0.2758321620367632,0.2870983319543744,-0.08680555224418664,588.7505033621992
2019-10-21 17:47:32,-0.03644720436288773,98.56777831391044,99.65639495849635,95.20037841796906,69.87163812931404,0.026902783180137696,20.52670180047316,19.41875397297613,19.489216166498576,0.08048949018989154,0.27551387976377517,0.27608812688947637,0.2871012837042072,-0.08680555224418664,588.723109389798
2019-10-21 17:47:33,-0.03661582437463308,98.56778674359111,99.65639495849635,95.20037841796906,69.87163812931404,0.027146641225803795,20.526067804901274,19.419462226209713,19.491232896462535,0.08047213884708787,0.2749975671718179,0.2757071294150994,0.28699767096337264,-0.08680555224418664,588.6628318377602
2019-10-21 17:47:34,-0.03661582437463308,98.5674074079609,99.65639495849635,95.20037841796906,69.87163812931404,0.028932031647829835,20.52821259843172,19.42627441744153,19.49714150684426,0.080446441412528,0.2749571824546191,0.2758370544804845,0.2869775208420973,-0.08680555224418664,588.6114015379168
2019-10-21 17:47:35,-0.03644720436288773,98.56771087646507,99.65639495849635,95.20037841796906,69.87163812931404,0.029567804847494515,20.525123556177178,19.432810123150215,19.496730057509694,0.08044300120679947,0.27522250898790335,0.2762139186019949,0.287024315628973,-0.08680555224418664,588.5750668399
2019-10-21 17:47:36,-0.03687718539283838,98.56771087646507,99.65639495849635,95.20037841796906,69.87163812931404,0.030299379388282997,20.5280237486869,19.437032463945197,19.49662213892376,0.08041027151829733,0.27521373974137736,0.2765193709404604,0.28710567221775024,-0.08680555224418664,588.5636821471189
2019-10-21 17:47:37,-0.036919340395774713,98.56771087646507,99.65639495849635,95.20037841796906,69.87163812931404,0.03135319500901076,20.53261684426624,19.433147394851687,19.496075796914326,0.08040708494492087,0.27539062381902296,0.2764231732119499,0.28718239068985085,-0.08680555224418664,588.5497667005862
2019-10-21 17:47:38,-0.03687718539283838,98.56771087646507,99.65639495849635,95.20037841796906,69.87163812931404,0.02949813066488944,20.53514608192006,19.43281016316451,19.503771895295323,0.08041158737072043,0.27565704247890443,0.2765369109618365,0.2871983234698965,-0.08680555224418664,588.5735358391624
2019-10-21 17:47:39,-0.036750720384029364,98.56771087646507,99.65639495849635,95.20037841796906,69.87163812931404,0.03048227293664351,20.536225223319022,19.433976984802143,19.50160675226676,0.08042767463308412,0.2753609445962046,0.27617319987648375,0.28716594654641314,-0.08680555224418664,588.6201551744169
2019-10-21 17:47:40,-0.036539945369347675,98.56771087646507,99.65639495849635,95.20037841796906,69.87163812931404,0.029829081469204675,20.53391181394499,19.43109702619366,19.50093226666224,0.08046622114095396,0.2752757026599012,0.27590348621904237,0.28705398019377254,-0.08680555224418664,588.6909708943415
2019-10-21 17:47:41,-0.036244860348793304,98.56771087646507,99.65639495849635,95.20037841796906,69.87163812931404,0.028644627450785238,20.532205421607877,19.42980880114865,19.501748438481762,0.08051893233141441,0.27553048834100546,0.27585719897474814,0.28699521480740453,-0.08680555224418664,588.7783184629515
2019-10-21 17:47:42,-0.035865465322366265,98.56771087646507,99.65639495849635,95.20037841796906,69.87163812931404,0.02857495359815925,20.533122691796997,19.4298155457824,19.502126186877778,0.08046708150065604,0.27567533290747515,0.2760445349144222,0.28694167781821023,-0.08680555224418664,588.8289930081329
2019-10-21 17:47:43,-0.0361689813435079,98.56771087646507,99.65639495849635,95.20037841796906,69.87163812931404,0.02695503821357709,20.53648826403502,19.428372194161284,19.497283206397356,0.08048686096857219,0.27554372710225805,0.27606181914989847,0.2868670664189309,-0.08680555224418664,588.8399578530211
2019-10-21 17:47:44,-0.0361689813435079,98.56771087646507,99.65639495849635,95.20037841796906,69.87163812931404,0.02749501022842387,20.533500391286637,19.432918077304425,19.495064070730574,0.08047654115028334,0.27573721982660343,0.2762195647874365,0.28690467243428075,-0.08680555224418664,588.7899645114019
2019-10-21 17:47:45,-0.0361689813435079,98.56801434496921,99.65639495849635,95.20037841796906,69.87163812931404,0.027364372004405394,20.53241450525393,19.434267004053126,19.486659768022367,0.0804639957619438,0.2756818341208511,0.2765650642223854,0.2869637767612804,-0.08680555224418664,588.6544796959242
2019-10-21 17:47:46,-0.0361689813435079,98.56763500933903,99.65639495849635,95.20037841796906,69.87163812931404,0.02766919472973393,20.534019728084886,19.4346042357403,19.4822822384068,0.08045726780082818,0.27525202349905153,0.27635395096176507,0.2869809750632538,-0.08680555224418664,588.4967302798132
2019-10-21 17:47:47,-0.0361689813435079,98.56733997051555,99.65639495849635,95.20037841796906,69.87163812931404,0.029036542296513895,20.53605660747543,19.433073203880504,19.479759594221555,0.08038705401556774,0.27564381240131197,0.276128757875283,0.28701242596119525,-0.08680555224418664,588.301630762631
2019-10-21 17:47:48,-0.0361689813435079,98.56712922849877,99.65639495849635,95.20037841796906,69.87163812931404,0.027529846781339483,20.53494374290775,19.428722915115927,19.479833789638768,0.08035751168197153,0.2756435584910828,0.27586402794420084,0.2869596477849786,-0.08680555224418664,588.1008000585043
2019-10-21 17:47:49,-0.0361689813435079,98.56700278328871,99.65639495849635,95.20037841796906,69.87163812931404,0.028897194764935137,20.532009827229317,19.435804940603866,19.476494995864183,0.08034486533739651,0.2752625596273202,0.2753681143124904,0.28684354981620347,-0.08680555224418664,587.8039461149218
2019-10-21 17:47:50,-0.0361689813435079,98.5672641033895,99.65639495849635,95.20037841796906,69.87163812931404,0.028723010437298302,20.527625815296023,19.43643215152771,19.479166030883853,0.08032179734993114,0.275402511124845,0.2752242776063779,0.28669667834446494,-0.08680555224418664,587.4488309135542
2019-10-21 17:47:51,-0.035865465322366265,98.56692691616269,99.65639495849635,95.20037841796906,69.87163812931404,0.028426896932693436,20.526458993658395,19.43382178264346,19.479166030883853,0.0803084930096753,0.2752103702032767,0.2753241021177438,0.2865578166810512,-0.08680555224418664,587.0923730810222
2019-10-21 17:47:52,-0.036244860348793304,98.56675832254925,99.65639495849635,95.20037841796906,69.87163812931404,0.028261421652107058,20.527524645789875,19.425694032148918,19.479166030883853,0.08027627003012301,0.2750020389095615,0.27557264938776943,0.28644753912667903,-0.08680555224418664,586.8058069046855
2019-10-21 17:47:53,-0.036539945369347675,98.56675832254925,99.65639495849635,95.20037841796906,69.87163812931404,0.02610153458265721,20.525838487353994,19.423427661815765,19.479166030883853,0.08027667512287923,0.275075136017411,0.2755937274102572,0.2863701429122538,-0.14265248262798907,586.5290218611158
2019-10-21 17:47:54,-0.03644720436288773,98.56692691616269,99.65639495849635,95.20037841796906,69.87163812931404,0.02721631516526638,20.52334297286889,19.418658805616015,19.479166030883853,0.08031587868859458,0.27508196686253483,0.2758475849817411,0.2863856560978305,-0.17482517024020303,586.2770209323571
2019-10-21 17:47:55,-0.036953064398123785,98.5672641033895,99.65639495849635,95.20037841796906,69.87163812931404,0.0275908117432209,20.524948195699842,19.411212507661446,19.479166030883853,0.08031633447656006,0.2748613306831376,0.2758222923273257,0.2864896095160287,-0.05375604196028286,586.0724875710245
2019-10-21 17:47:56,-0.03729030442161449,98.56700278328871,99.65639495849635,95.20037841796906,69.87163812931404,0.02700729395473485,20.52301248581545,19.41168474762038,19.479166030883853,0.080371372210674,0.27482423304400055,0.2757410179207105,0.2865872406737237,0.13820092126484038,585.9391032754697
2019-10-21 17:47:57,-0.03745892443335984,98.56712922849877,99.65639495849635,95.20037841796906,69.87163812931404,0.025578981669215968,20.52500215276979,19.407968547794404,19.479166030883853,0.08034698981227316,0.27526769986797417,0.27573916427183337,0.2866871486176984,0.31619615033095405,585.9815052094732
2019-10-21 17:47:58,-0.037155408412218205,98.56733997051555,99.65639495849635,95.20037841796906,69.87163812931404,0.023079435147848784,20.526863671683003,19.403024686800055,19.479166030883853,0.08032903170738487,0.27529619415323314,0.27586057504296096,0.2867493683641613,0.4328811618571118,586.0893374000691
2019-10-21 17:47:59,-0.0373661834268999,98.56763500933903,99.65639495849635,95.20037841796906,69.87163812931404,0.024385818390996378,20.527807920407092,19.414517925057968,19.47892322406908,0.0803583715380213,0.27538437873889343,0.2757771942582172,0.2867478517107758,0.48211818978642196,586.1553582322642
2019-10-21 17:48:00,-0.03732402842396356,98.56801434496921,99.65639495849635,95.20037841796906,69.87163812931404,0.024237761573566496,20.52807770575683,19.412541791831462,19.479226732587545,0.08037400257823651,0.27553537842277137,0.27607186114315746,0.2867314110408025,0.46390723411888446,586.1969282955017
2019-10-21 17:48:01,-0.0370289434034092,98.56771087646507,99.65639495849635,95.20037841796906,69.87163812931404,0.02273106627982541,20.52828678940288,19.408150741826166,19.47946279476857,0.0803595347490624,0.2754568865388155,0.27635522829347087,0.28666893675888694,0.37824829485449935,586.2216343023855
2019-10-21 17:48:02,-0.037248149418678156,98.56771087646507,99.65639495849635,95.20037841796906,69.87163812931404,0.021145987956152978,20.528259810867908,19.404056477935754,19.479631410612157,0.08032361860875506,0.2752474595061003,0.276408090596989,0.286657220139093,0.22514137199326656,586.2801443958076
2019-10-21 17:48:03,-0.03669170337991849,98.56771087646507,99.65639495849635,95.20037841796906,69.87163812931404,0.01817614349399833,20.527450454818684,19.409013894888112,19.479732580118313,0.08028112600247087,0.27543159242554516,0.27639527268065245,0.28666252946798126,0.00458646553518622,586.317579291641
2019-10-21 17:48:04,-0.03664954837698215,98.56771087646507,99.65639495849635,95.20037841796906,69.87163812931404,0.019430271434513032,20.52610152806998,19.40794142698635,19.479766303287033,0.08031785154676124,0.2752450166882344,0.27640294347887634,0.28668638779011146,-0.14224779493846337,586.3276983230004
2019-10-21 17:48:05,-0.03712168440986914,98.56771087646507,99.65639495849635,95.20037841796906,69.87163812931404,0.01987444169142032,20.524213030621787,19.41297335057831,19.479732580118313,0.08028421193222364,0.27517386069108923,0.27592060240832333,0.28679439064228235,-0.13907774140090137,586.194827775579
2019-10-21 17:48:06,-0.03712168440986914,98.56771087646507,99.65639495849635,95.20037841796906,69.87163812931404,0.018951264294711043,20.52178496247412,19.423562830144757,19.479631410612157,0.08037440725417702,0.2751868454726433,0.2758878020000912,0.28677255547407965,-0.10805166645587772,586.059082600344
2019-10-21 17:48:07,-0.036953064398123785,98.56771087646507,99.65639495849635,95.20037841796906,69.87163812931404,0.017993250015107085,20.52372741699226,19.4238056591897,19.47946279476857,0.0803254400065175,0.27512529811937003,0.27576580511662313,0.2867749167350075,-0.08923367947548444,586.0031755354037
2019-10-21 17:48:08,-0.03661582437463308,98.56771087646507,99.65639495849635,95.20037841796906,69.87163812931404,0.017331349240108,20.52372741699226,19.421485305110394,19.479226732587545,0.08026797385204665,0.27480390508136066,0.27612437596132217,0.2867925402584619,-0.08680555224418664,585.9514932699153
2019-10-21 17:48:09,-0.03687718539283838,98.56771087646507,99.65639495849635,95.20037841796906,69.87163812931404,0.020362158051946,20.52567003156763,19.421222246610256,19.47892322406908,0.08032048161907929,0.2751612109598866,0.2760439446339247,0.2868729744340999,-0.08680555224418664,585.9126258263237
2019-10-21 17:48:10,-0.036750720384029364,98.56771087646507,99.65639495849635,95.20037841796906,69.87163812931404,0.021485647525299748,20.525184377923786,19.411779243629347,19.479166030883853,0.08040941161014561,0.2750822130616736,0.2765139727603589,0.2870068575118815,-0.08680555224418664,585.8608576278882
2019-10-21 17:48:11,-0.036539945369347675,98.56771087646507,99.65639495849635,95.20037841796906,69.87163812931404,0.02186885323714134,20.522810071220555,19.40665973316544,19.479166030883853,0.08042994909214272,0.27570340738985716,0.27653454588009824,0.28717749546735816,-0.08680555224418664,585.785982429844
2019-10-21 17:48:12,-0.036244860348793304,98.56771087646507,99.65639495849635,95.20037841796906,69.87163812931404,0.021111151034181846,20.519086726617758,19.403813346560504,19.479166030883853,0.08047395894230128,0.27564776520351225,0.27679658179238736,0.28736879386546266,-0.08680555224418664,585.8385033952068
2019-10-21 17:48:13,-0.035865465322366265,98.56771087646507,99.65639495849635,95.20037841796906,69.87163812931404,0.0188902995933395,20.512611344699856,19.401884296835213,19.479166030883853,0.08053860785591596,0.27578173372851184,0.2770819717492818,0.28754710574528075,-0.08680555224418664,586.0099100321894
2019-10-21 17:48:14,-0.0361689813435079,98.56771087646507,99.65639495849635,95.20037841796906,69.87163812931404,0.02125920782556074,20.510237037996625,19.39502503099424,19.479166030883853,0.08062571778650349,0.27584859180005916,0.27691031579093284,0.2876578064370552,-0.08680555224418664,586.3248999535637
2019-10-21 17:48:15,-0.0361689813435079,98.56771087646507,99.65639495849635,95.20037841796906,69.87163812931404,0.02206916550482632,20.50759292371348,19.392934376821145,19.48110848540199,0.08064853221108606,0.2759075250242148,0.2765642206568825,0.2877085650717469,-0.08680555224418664,586.7361616654845
2019-10-21 17:48:16,-0.0361689813435079,98.56771087646507,99.65639495849635,95.20037841796906,69.87163812931404,0.022879123140673606,20.50327600243488,19.384395488214437,19.480622871772454,0.08065804302484025,0.27585339837974676,0.2765857179959622,0.2875752710934849,-0.08680555224418664,587.2034086925458
2019-10-21 17:48:17,-0.0361689813435079,98.5674074079609,99.65639495849635,95.20037841796906,69.87163812931404,0.023514896318629137,20.5041393866906,19.384800299620082,19.476306306176596,0.08055166047422499,0.27584437723760086,0.2764897732051109,0.28738490004083855,-0.08680555224418664,587.6746947104018
2019-10-21 17:48:18,-0.0361689813435079,98.56778674359111,99.65639495849635,95.20037841796906,69.87163812931404,0.023488768678167276,20.505812193686058,19.38457102653316,19.475011336497836,0.08045488913784513,0.2757457318283748,0.276661428677175,0.2872161991668478,-0.08680555224418664,588.1280321241273
2019-10-21 17:48:19,-0.0361689813435079,98.5680817824146,99.65639495849635,95.20037841796906,69.87163812931404,0.0266502157791512,20.508834038581078,19.388449146475345,19.47236744007037,0.08039018912957285,0.27562028065428124,0.27650250143660315,0.2870979133324754,-0.08680555224418664,588.4664530009395
2019-10-21 17:48:20,-0.0361689813435079,98.56829252443137,99.65639495849635,95.20037841796906,69.87163812931404,0.02725115194395715,20.50664861719094,19.388449013094323,19.468914187593683,0.08036838617775009,0.2750691460979577,0.2765043561969888,0.2869994380535232,-0.08680555224418664,588.6272312688956
2019-10-21 17:48:21,-0.0361689813435079,98.56841896964144,99.65639495849635,95.20037841796906,69.87163812931404,0.026624087943306986,20.506358549033592,19.396866498293655,19.463248695249117,0.08028274355998982,0.2753912128490731,0.27630631406824135,0.28692051969763926,-0.08680555224418664,588.6336332734666
2019-10-21 17:48:22,-0.0361689813435079,98.5684611180448,99.65639495849635,95.20037841796906,69.87163812931404,0.02507384650252925,20.50681045727855,19.403577386638297,19.462223510920104,0.08027814033426067,0.2753069884293569,0.2761809440342702,0.2868948020996199,-0.08680555224418664,588.6245286492497
2019-10-21 17:48:23,-0.0361689813435079,98.56841896964144,99.65639495849635,95.20037841796906,69.87163812931404,0.02361069706926404,20.50746472676598,19.40609981296786,19.461468111940825,0.0802857279951202,0.2752326278836584,0.27607302774082587,0.2868526466103986,-0.08680555224418664,588.6445087708531
2019-10-21 17:48:24,-0.0361689813435079,98.56829252443137,99.65639495849635,95.20037841796906,69.87163812931404,0.025457052214370827,20.512692240290477,19.402916234690053,19.461522069010776,0.08027308123372948,0.2753613701650319,0.2754944078016398,0.28682145247092683,-0.08680555224418664,588.7708922343948
2019-10-21 17:48:25,-0.0361689813435079,98.5680817824146,99.65639495849635,95.20037841796906,69.87163812931404,0.02588380418179482,20.51733969308285,19.39861300275048,19.46292495282943,0.08022856550825246,0.2750207601866251,0.27504621602438617,0.2867830073361082,-0.08680555224418664,588.895757217231
2019-10-21 17:48:26,-0.0361689813435079,98.56778674359111,99.65639495849635,95.20037841796906,69.87163812931404,0.026536995844616006,20.517285709336697,19.397392023971364,19.459363786212844,0.08018081329571916,0.27499858614726,0.2752067450876844,0.28670206811878296,-0.08680555224418664,588.8178565818963
2019-10-21 17:48:27,-0.0361689813435079,98.5674074079609,99.65639495849635,95.20037841796906,69.87163812931404,0.027416627202834373,20.521197908130347,19.395341815370564,19.457151546344967,0.08018061120957504,0.27527090879309213,0.2751477272499422,0.2866538410142314,-0.08680555224418664,588.6813613429231
2019-10-21 17:48:28,-0.0361689813435079,98.56771087646507,99.65639495849635,95.20037841796906,69.87163812931404,0.027190187485728053,20.524165791509382,19.39028334006291,19.4606587558916,0.08024692980003821,0.2755508151226673,0.27510228579416773,0.2867176639728064,-0.08680555224418664,588.4398199050315
2019-10-21 17:48:29,-0.0361689813435079,98.56771087646507,99.65639495849635,95.20037841796906,69.87163812931404,0.02908879758177948,20.521278861519406,19.389042327454096,19.46497532148746,0.08025568112348919,0.27527773498377395,0.27514578982110977,0.28675012321739013,-0.08680555224418664,588.1100014284235
2019-10-21 17:48:30,-0.0361689813435079,98.56771087646507,99.65639495849635,95.20037841796906,69.87163812931404,0.02799143570546931,20.51690800095499,19.386371452491673,19.467133604285394,0.08030257393152306,0.27527824190113176,0.27534695723395874,0.2867427043842556,-0.08680555224418664,587.7560690855386
2019-10-21 17:48:31,-0.0361689813435079,98.56771087646507,99.65639495849635,95.20037841796906,69.87163812931404,0.026023151713373584,20.516037854281393,19.384253637496194,19.467133604285394,0.08032513510583461,0.2759552498658505,0.27569330398575215,0.286759734778972,-0.08680555224418664,587.4973264040664
2019-10-21 17:48:32,-0.0361689813435079,98.56771087646507,99.65639495849635,95.20037841796906,69.87163812931404,0.024681931569963983,20.51787929935061,19.381663698138674,19.467942960334618,0.08034703920493334,0.2763848077583986,0.27603610829039965,0.2867687557127101,-0.08680555224418664,587.2757572627584
2019-10-21 17:48:33,-0.0361689813435079,98.56771087646507,99.65639495849635,95.20037841796906,69.87163812931404,0.023427803590372796,20.518304260182823,19.381872781784722,19.467619217914926,0.08034167678414544,0.2762918972468883,0.2762849921391013,0.2866702024197532,-0.08680555224418664,587.0888420051643
2019-10-21 17:48:34,-0.0361689813435079,98.56771087646507,99.65639495849635,95.20037841796906,69.87163812931404,0.02393293854865168,20.517852351937872,19.382169385612215,19.469507715363115,0.08032715806872157,0.2760568436903837,0.27614250695788856,0.2866103421280165,-0.08680555224418664,586.9607773005005
2019-10-21 17:48:35,-0.0361689813435079,98.56771087646507,99.65639495849635,95.20037841796906,69.87163812931404,0.02345393140884969,20.515120575200193,19.386007122226584,19.46869835931389,0.08030186511906173,0.2755898511632068,0.2760886312364706,0.28661186079601125,-0.08680555224418664,586.7929199503311
2019-10-21 17:48:36,-0.035865465322366265,98.56771087646507,99.65639495849635,95.20037841796906,69.87163812931404,0.02372391725128354,20.510722691640467,19.40292976397184,19.465191149767254,0.08030459717228716,0.2752256285755236,0.2761891316144902,0.2866780466133073,-0.08680555224418664,586.5505311339068
2019-10-21 17:48:37,-0.036244860348793304,98.56771087646507,99.65639495849635,95.20037841796906,69.87163812931404,0.024037449197335754,20.510183076480644,19.40506807963059,19.46195372557036,0.08029589572778134,0.27532578987397316,0.27604757259775775,0.2867783750548516,-0.08680555224418664,586.3488630103636
2019-10-21 17:48:38,-0.036539945369347675,98.56771087646507,99.65639495849635,95.20037841796906,69.87163812931404,0.023375548422336644,20.51155911514535,19.407948216080435,19.463896180088497,0.0803167370684221,0.2755852100593514,0.27597919648343916,0.28690171873930803,-0.08680555224418664,586.200642192282
2019-10-21 17:48:39,-0.03644720436288773,98.56771087646507,99.65639495849635,95.20037841796906,69.87163812931404,0.024342271922664277,20.510729431828178,19.41124643090171,19.46470553613772,0.08027758357269246,0.27538219115117313,0.27591056625048366,0.2869306363703773,-0.08680555224418664,586.1145534559857
2019-10-21 17:48:40,-0.036953064398123785,98.56771087646507,99.65639495849635,95.20037841796906,69.87163812931404,0.024333562701940613,20.514607796302254,19.409803079280607,19.46632424823617,0.08025289797560617,0.2753313519321131,0.27597927602576816,0.28693400715892486,-0.08680555224418664,586.0070533307853
2019-10-21 17:48:41,-0.03729030442161449,98.5674074079609,99.65639495849635,95.20037841796906,69.87163812931404,0.024202924391085526,20.519248597827605,19.401196837703175,19.46384222301855,0.08023539611023366,0.27589302483972233,0.2763194639782811,0.2869245633656613,-0.08680555224418664,586.0565475783998
2019-10-21 17:48:42,-0.03745892443335984,98.56778674359111,99.65639495849635,95.20037841796906,69.87163812931404,0.024115832183848798,20.521407147387592,19.391599046044767,19.46357243766881,0.08030034964665408,0.2758125107744088,0.27657483841155844,0.28689884674021204,-0.08680555224418664,586.2029877064683
2019-10-21 17:48:43,-0.03745892443335984,98.5680817824146,99.65639495849635,95.20037841796906,69.87163812931404,0.023758754134178224,20.52302605955758,19.38225071691418,19.467457346705082,0.0803530103155785,0.2755643017503218,0.2763557161067755,0.2867599039366757,-0.08680555224418664,586.3861106748086
2019-10-21 17:48:44,-0.03729030442161449,98.56829252443137,99.65639495849635,95.20037841796906,69.87163812931404,0.0244642010127957,20.520894644143766,19.37485824264853,19.46778108912477,0.08035705700551454,0.2752288381953349,0.2762426538761963,0.28666471566631585,-0.08680555224418664,586.6516845987687
2019-10-21 17:48:45,-0.03664954837698215,98.56841896964144,99.65639495849635,95.20037841796906,69.87163812931404,0.024734186855229538,20.513859408718773,19.370609083375776,19.465083235627358,0.08036702225258321,0.2749141927782482,0.27615969303326793,0.2866414489445992,-0.08680555224418664,587.0009042877712
2019-10-21 17:48:46,-0.036523083368173136,98.5684611180448,99.65639495849635,95.20037841796906,69.87163812931404,0.0249693358147687,20.512530586936307,19.37394783713605,19.46130624073098,0.08039449016392113,0.2745852983081267,0.2759372052890722,0.28663277077230315,-0.08680555224418664,587.37179088815
2019-10-21 17:48:47,-0.03691090939518745,98.56841896964144,99.65639495849635,95.20037841796906,69.87163812931404,0.023924229327928016,20.508652066851035,19.371243239004887,19.45645010443564,0.08039545007310568,0.27450916976917683,0.2758155472072973,0.28661776575453124,-0.08680555224418664,587.6839047589797
2019-10-21 17:48:48,-0.03682659938931477,98.56829252443137,99.65639495849635,95.20037841796906,69.87163812931404,0.022077874534509465,20.50907696099274,19.36899727596829,19.455424920106623,0.08040936115807887,0.27454331336599486,0.2757999517006202,0.2866416270638406,-0.08680555224418664,587.9268029130717
2019-10-21 17:48:49,-0.036573669371696746,98.5680817824146,99.65639495849635,95.20037841796906,69.87163812931404,0.022260768169706582,20.509805341422734,19.372032361152883,19.451917710559982,0.08040339178416579,0.2742073333763583,0.2754198832389643,0.2865998114878209,-0.08680555224418664,588.0348826588468
2019-10-21 17:48:50,-0.036919340395774713,98.56778674359111,99.65639495849635,95.20037841796906,69.87163812931404,0.02266139232299552,20.511376823300843,19.37272031379473,19.452781023679158,0.08039701841163768,0.274243331733562,0.27504571369200115,0.2865621228734937,-0.08680555224418664,587.9280596112889
2019-10-21 17:48:51,-0.03687718539283838,98.5674074079609,99.65639495849635,95.20037841796906,69.87163812931404,0.02288783206181099,20.510891258577686,19.371357897778548,19.45194468909496,0.08036115303600883,0.2748055112806519,0.27511408932003467,0.2864655033274971,-0.08680555224418664,587.7962014791865
2019-10-21 17:48:52,-0.036750720384029364,98.5674074079609,99.65639495849635,95.20037841796906,69.87163812931404,0.02254817245358776,20.50792337519865,19.374615555876673,19.455472132542827,0.0804607571560744,0.2748618299588742,0.27495735848978203,0.286396871705156,-0.08680555224418664,587.6927537184512
2019-10-21 17:48:53,-0.036539945369347675,98.56748327508694,99.65639495849635,95.20037841796906,69.87163812931404,0.021581448953260123,20.50811225161967,19.379309820962177,19.45766413850947,0.08041674732328313,0.2750151049701769,0.27471606082571765,0.28622302253207477,-0.08680555224418664,587.6427544013619
2019-10-21 17:48:54,-0.036244860348793304,98.56785418103647,99.65639495849635,95.20037841796906,69.87163812931404,0.02290525050325833,20.5051443904708,19.383842214837834,19.455553068147744,0.08030879587838163,0.27496460559484925,0.27505304846730344,0.28614831964174975,-0.08680555224418664,587.5747111571711
2019-10-21 17:48:55,-0.035865465322366265,98.56873929750694,99.65639495849635,95.20037841796906,69.87163812931404,0.022896541282534655,20.499633553422704,19.3918008826552,19.45545189864159,0.08027657295093134,0.2750259817758093,0.27545748362730227,0.28613432616620693,-0.08680555224418664,587.4496023182561
2019-10-21 17:48:56,-0.0361689813435079,98.56937152355727,99.65639495849635,95.20037841796906,69.87163812931404,0.023201364007863195,20.500071999076376,19.390647550285053,19.45541817547287,0.0802206749960539,0.2750459654486827,0.27578553501820585,0.28623743719988,-0.08680555224418664,587.2904267566757
2019-10-21 17:48:57,-0.0361689813435079,98.56975085918748,99.65639495849635,95.20037841796906,69.87163812931404,0.021921108561483365,20.499849421716807,19.386998703429786,19.45545189864159,0.0801669526454454,0.2748603988916455,0.2758569432583174,0.28637030811020897,-0.08680555224418664,587.094573618928
2019-10-21 17:48:58,-0.0361689813435079,98.56987730439754,99.65639495849635,95.20037841796906,69.87163812931404,0.021259207786484265,20.505279318713946,19.38697846952855,19.455553068147744,0.08011646773709583,0.2749560049502731,0.2761946039877856,0.28657122057078954,-0.08680555224418664,586.8107820524216
2019-10-21 17:48:59,-0.0361689813435079,98.56975085918748,99.65639495849635,95.20037841796906,69.87163812931404,0.02302717959338977,20.511451192113384,19.387686656071622,19.4537792294732,0.08011484892912976,0.2750872736905291,0.2761960376948473,0.2867191840301868,-0.08680555224418664,586.5284227491273
2019-10-21 17:49:00,-0.0361689813435079,98.56937152355727,99.65639495849635,95.20037841796906,69.87163812931404,0.023062016476284464,20.514068305631383,19.38181192002378,19.456443359801895,0.08011429334853933,0.2754200487842657,0.27620801010054097,0.286844469867387,-0.08680555224418664,586.2604849577522
2019-10-21 17:49:01,-0.0361689813435079,98.56873929750694,99.65639495849635,95.20037841796906,69.87163812931404,0.02380230023779662,20.516712419914526,19.385056288925956,19.458635365768544,0.08009077087565755,0.2755938144552688,0.2763107839997839,0.2869062696025651,-0.08680555224418664,586.0594088325429
2019-10-21 17:49:02,-0.035865465322366265,98.56785418103647,99.65639495849635,95.20037841796906,69.87163812931404,0.023976484652270064,20.519086726617758,19.387093163870468,19.45974148570248,0.0801016463092715,0.275512538728737,0.27593408639614464,0.28689185521263694,-0.08680555224418664,585.9804962087084
2019-10-21 17:49:03,-0.036244860348793304,98.56748327508694,99.65639495849635,95.20037841796906,69.87163812931404,0.022164966741746207,20.522594225156624,19.394343956367162,19.460550841751704,0.08010230421811572,0.2758743130104811,0.2757765120698584,0.28681859005859195,-0.08680555224418664,586.0165785142609
2019-10-21 17:49:04,-0.036539945369347675,98.5674074079609,99.65639495849635,95.20037841796906,69.87163812931404,0.023488768291744407,20.520381803001342,19.397197158742387,19.460820627101448,0.08015941552348925,0.27560418427407396,0.27594724158585004,0.2867335203366407,-0.08680555224418664,585.9789804311918
2019-10-21 17:49:05,-0.036750720384029364,98.56771087646507,99.65639495849635,95.20037841796906,69.87163812931404,0.022905250503258347,20.518762957521865,19.40531108651689,19.460550841751704,0.08023655959915191,0.27548530558884077,0.2760291035636607,0.2867417013867479,-0.08680555224418664,585.9004047100378
2019-10-21 17:49:06,-0.03687718539283838,98.56771087646507,99.65639495849635,95.20037841796906,69.87163812931404,0.023871974003585983,20.517737688718192,19.399706340336348,19.46168394022062,0.080310515416808,0.2751478095710425,0.27595372702969906,0.28677331345342594,-0.08680555224418664,585.9779718572461
2019-10-21 17:49:07,-0.036919340395774713,98.56801434496921,99.65639495849635,95.20037841796906,69.87163812931404,0.023784881796349248,20.51396038259942,19.393831719885384,19.45984939984238,0.08035477844776827,0.2753887641957877,0.27547391693353196,0.2867572105431063,-0.08680555224418664,586.2098249244264
2019-10-21 17:49:08,-0.03687718539283838,98.56763500933903,99.65639495849635,95.20037841796906,69.87163812931404,0.02375004491345456,20.512341537119944,19.391329327385513,19.455586791316467,0.08041861736691103,0.27545958361425704,0.2754355546755678,0.28684615783202416,-0.08680555224418664,586.4190783378422
2019-10-21 17:49:09,-0.036750720384029364,98.56733997051555,99.65639495849635,95.20037841796906,69.87163812931404,0.0240200307558884,20.512881152279768,19.386682052434523,19.449435685342365,0.08052626472739371,0.2755978500648544,0.275751210940191,0.2869956354439128,-0.08680555224418664,586.7079255786548
2019-10-21 17:49:10,-0.036539945369347675,98.56743269700291,99.65639495849635,95.20037841796906,69.87163812931404,0.02341038530523133,20.510668730124486,19.37783952637436,19.446845745984845,0.08054214926102243,0.2758552505697691,0.2760687238408702,0.28717420429060886,-0.08680555224418664,586.9453432309892
2019-10-21 17:49:11,-0.036244860348793304,98.56723038466683,99.65639495849635,95.20037841796906,69.87163812931404,0.02302717959338975,20.512017768024048,19.381164635255953,19.442043566759452,0.08058019041459341,0.27574606979643645,0.27623810224877754,0.2873364147189625,-0.08680555224418664,587.252826112691
2019-10-21 17:49:12,-0.035865465322366265,98.5665138618098,99.65639495849635,95.20037841796906,69.87163812931404,0.022016909989443743,20.516928265978457,19.375195434321384,19.437511172883802,0.08059632795535066,0.2756007190767711,0.27609882057407886,0.2874221584318968,-0.08680555224418664,587.5825622131789
2019-10-21 17:49:13,-0.0361689813435079,98.5660502293729,99.65639495849635,95.20037841796906,69.87163812931404,0.020919548178261034,20.521029341193127,19.378554421982884,19.433788135057373,0.08060285440344375,0.27553066166686646,0.2764046979256173,0.2874813443158345,-0.08680555224418664,587.8828766651657
2019-10-21 17:49:14,-0.0361689813435079,98.56583948735613,99.65639495849635,95.20037841796906,69.87163812931404,0.02186014401641765,20.51995011087348,19.37647033015613,19.43141402397965,0.08065657685825617,0.2750680568890701,0.2764578980582585,0.28737056192818317,-0.08680555224418664,588.1014910789095
2019-10-21 17:49:15,-0.0361689813435079,98.5658816357595,99.65639495849635,95.20037841796906,69.87163812931404,0.02178176102990459,20.520543687549285,19.381528805463795,19.430928410350116,0.08063275142983142,0.27484286560878946,0.27656176825225554,0.2873142443614693,-0.08680555224418664,588.2485214980346
2019-10-21 17:49:16,-0.0361689813435079,98.56617667458298,99.65639495849635,95.20037841796906,69.87163812931404,0.021877562457865,20.514553959275226,19.382176290303168,19.432870864868253,0.08061059430623685,0.2748072032050381,0.27629062908512786,0.28720253296109705,-0.08680555224418664,588.4542444046854
2019-10-21 17:49:17,-0.0361689813435079,98.56672460382657,99.65639495849635,95.20037841796906,69.87163812931404,0.02192110856148336,20.510237037996625,19.383397069010762,19.43311367168302,0.08053820548982907,0.27486942781435086,0.2759824821026458,0.2871270813308404,-0.08680555224418664,588.6900570742748
2019-10-21 17:49:18,-0.0361689813435079,98.56706179105342,99.65639495849635,95.20037841796906,69.87163812931404,0.020492796206495204,20.50759292371348,19.385629542779878,19.43548119818423,0.08047613544967089,0.2748830014870167,0.275620963467863,0.2870564299585667,-0.08680555224418664,588.855051320751
2019-10-21 17:49:19,-0.0361689813435079,98.56718823626348,99.65639495849635,95.20037841796906,69.87163812931404,0.021668541199573337,20.50521861701025,19.38572396765229,19.434577377248285,0.08042428371581187,0.2749938668209918,0.2756280457917912,0.28703248730072706,-0.08680555224418664,588.8310253792447
2019-10-21 17:49:20,-0.0361689813435079,98.56756757189366,99.65639495849635,95.20037841796906,69.87163812931404,0.02244366199594422,20.503653733046757,19.381623230336217,19.42847312802765,0.08032346487323189,0.27534771375445,0.27562382983994727,0.28699277893646713,-0.08680555224418664,588.6537286362742
2019-10-21 17:49:21,-0.0361689813435079,98.56743269700291,99.65639495849635,95.20037841796906,69.87163812931404,0.023044598334423377,20.503437886982827,19.38144786985889,19.42392023348871,0.08027156374671265,0.2755385883204593,0.27553386885525266,0.28693637613094314,-0.08680555224418664,588.5741422070785
2019-10-21 17:49:22,-0.035865465322366265,98.56700278328871,99.65639495849635,95.20037841796906,69.87163812931404,0.02307072606172184,20.505110693978285,19.375526081432056,19.420918693631474,0.08022927444228506,0.27530209404049555,0.27542190076587986,0.28692128274824336,-0.08680555224418664,588.5354379507228
2019-10-21 17:49:23,-0.036244860348793304,98.56696063488536,99.65639495849635,95.20037841796906,69.87163812931404,0.02441194607487654,20.504301271238546,19.372234700165208,19.41946850845593,0.08014090076123664,0.27550325610420984,0.27544517005796004,0.2868416080802758,-0.08680555224418664,588.5037343841071
2019-10-21 17:49:24,-0.036539945369347675,98.56730625179287,99.65639495849635,95.20037841796906,69.87163812931404,0.02587509513474434,20.502952233338984,19.37048109539189,19.417627223443947,0.08017752510614906,0.2758106514985196,0.2751612966849817,0.2867325087944119,-0.08680555224418664,588.3851089299714
2019-10-21 17:49:25,-0.036750720384029364,98.5673568298769,99.65639495849635,95.20037841796906,69.87163812931404,0.027120513633102042,20.501063580279595,19.37244378381127,19.42170781577947,0.08020833296167287,0.2756328434099414,0.27531516308829007,0.286733267954736,-0.08680555224418664,588.2973417980148
2019-10-21 17:49:26,-0.03687718539283838,98.56719666594415,99.65639495849635,95.20037841796906,69.87163812931404,0.027808541961726413,20.498635312060383,19.371040899992618,19.426800192097208,0.08021516203532983,0.2753819383524524,0.27557593486803744,0.2867873948770811,-0.08680555224418664,588.3193458966181
2019-10-21 17:49:27,-0.036919340395774713,98.56660658829719,99.65639495849635,95.20037841796906,69.87163812931404,0.026911491918918215,20.500577926635753,19.372909163539582,19.43096189787902,0.08028132821018621,0.2749750623891969,0.2757655510674552,0.28686361087785817,-0.08680555224418664,588.388896097394
2019-10-21 17:49:28,-0.03687718539283838,98.56635369787706,99.65639495849635,95.20037841796906,69.87163812931404,0.026859236594576175,20.498635312060383,19.374143431514643,19.439892148638194,0.08034233490139753,0.275176563254604,0.275842357973953,0.28683781081980003,-0.08680555224418664,588.5117348268611
2019-10-21 17:49:29,-0.036750720384029364,98.56567089374272,99.65639495849635,95.20037841796906,69.87163812931404,0.028984286759422183,20.501063580279595,19.374851618057708,19.442718190191037,0.08039443759304127,0.27505970855692974,0.27586681081420683,0.2868481821669296,-0.08680555224418664,588.5007739656196
2019-10-21 17:49:30,-0.036539945369347675,98.56554444853265,99.65639495849635,95.20037841796906,69.87163812931404,0.028418187520929238,20.502952233338984,19.37445368466683,19.44112629657033,0.08042787510406743,0.27522680899757956,0.27610093897039306,0.28689590033951423,-0.08680555224418664,588.5181393923477
2019-10-21 17:49:31,-0.036244860348793304,98.56567089374272,99.65639495849635,95.20037841796906,69.87163812931404,0.02800014499132042,20.504301271238546,19.378223934929466,19.44112629657033,0.08043536272915949,0.2753665099888699,0.27637856990307413,0.28697085123517924,-0.08680555224418664,588.576729158701
2019-10-21 17:49:32,-0.035865465322366265,98.5660502293729,99.65639495849635,95.20037841796906,69.87163812931404,0.02569220152125639,20.505110693978285,19.379228885357243,19.440047155171367,0.08042474023320481,0.2752912189715954,0.2765063829633189,0.2871113086080225,-0.08680555224418664,588.6694616215507
2019-10-21 17:49:33,-0.0361689813435079,98.56698592392738,99.65639495849635,95.20037841796906,69.87163812931404,0.023558442422247507,20.5053805015582,19.382560734426555,19.43788887237344,0.08040475880071578,0.27604646998129867,0.2762725096899319,0.2871282541807445,-0.08680555224418664,588.7275498752565
2019-10-21 17:49:34,-0.035865465322366265,98.56749170476763,99.65639495849635,95.20037841796906,69.87163812931404,0.023497477812054343,20.505110693978285,19.384705527957003,19.434651448176545,0.08040789549514707,0.2758789510576883,0.2762022806908984,0.28722243049205964,-0.08680555224418664,588.683205629008
2019-10-21 17:49:35,-0.036244860348793304,98.56756757189366,99.65639495849635,95.20037841796906,69.87163812931404,0.023079435108772313,20.504301271238546,19.38195371738964,19.435244975945974,0.08040577091606646,0.2757998702826208,0.2763077538885998,0.287254050269828,-0.08680555224418664,588.6689542757064
2019-10-21 17:49:36,-0.036539945369347675,98.56773616550709,99.65639495849635,95.20037841796906,69.87163812931404,0.022478498726874865,20.502952233338984,19.380132666278882,19.43141402397965,0.08039499595240301,0.2756648891038837,0.27633279249384746,0.287222265571982,-0.08680555224418664,588.6946732670015
2019-10-21 17:49:37,-0.036750720384029364,98.56692691616269,99.65639495849635,95.20037841796906,69.87163812931404,0.02098922178774452,20.501063580279595,19.38147484839384,19.429471569461512,0.08038745818785599,0.275445684894816,0.27621189134937973,0.2870802856408643,-0.08680555224418664,588.7424001982733
2019-10-21 17:49:38,-0.03687718539283838,98.56658972893584,99.65639495849635,95.20037841796906,69.87163812931404,0.02232173271477228,20.498635312060383,19.380854342089425,19.43573058957551,0.08034309373174259,0.27560890582335934,0.2762951065888222,0.2869075364444094,-0.08680555224418664,588.8101872086263
2019-10-21 17:49:39,-0.036919340395774713,98.56672460382657,99.65639495849635,95.20037841796906,69.87163812931404,0.023419094525955003,20.500577926635753,19.379444713637028,19.438968013772403,0.08033611239878469,0.2755670001456796,0.2757744927367416,0.2867759261236891,-0.08680555224418664,588.8311823064647
2019-10-21 17:49:40,-0.03687718539283838,98.56664873670054,99.65639495849635,95.20037841796906,69.87163812931404,0.022783321413126917,20.500577926635753,19.376193800172643,19.44112629657033,0.0803242247977181,0.2757653769079629,0.27586133010459746,0.2867352023963894,-0.08680555224418664,588.8338815115565
2019-10-21 17:49:41,-0.036750720384029364,98.56644642436444,99.65639495849635,95.20037841796906,69.87163812931404,0.023784881796349237,20.500577926635753,19.374386238329386,19.4422054379693,0.0803346964758595,0.2759053312537282,0.2762651715801041,0.28674978844491567,-0.08680555224418664,588.8175293537857
2019-10-21 17:49:42,-0.036539945369347675,98.56620196362499,99.65639495849635,95.20037841796906,69.87163812931404,0.0227920304775447,20.500577926635753,19.375984716526602,19.440262983451163,0.08032285917055378,0.2758432766357508,0.2762495730167787,0.28683696600385006,-0.08680555224418664,588.797460169227
2019-10-21 17:49:43,-0.036244860348793304,98.56599965128888,99.65639495849635,95.20037841796906,69.87163812931404,0.023880683263386104,20.500577926635753,19.373866901531144,19.441611910199867,0.08032179604738207,0.2760912334863407,0.2761898849393944,0.2869028134362689,-0.08680555224418664,588.8068984238434
2019-10-21 17:49:44,-0.035865465322366265,98.5651566832218,99.65639495849635,95.20037841796906,69.87163812931404,0.0253177048347561,20.500577926635753,19.37387364616488,19.43939967033199,0.08028051852832607,0.27570476044308123,0.2764074072276524,0.28701064803383647,-0.08680555224418664,588.8235908988489
2019-10-21 17:49:45,-0.0361689813435079,98.56444016036477,99.65639495849635,95.20037841796906,69.87163812931404,0.02631055610580051,20.500577926635753,19.372261678700184,19.43993924103147,0.08024212381083948,0.27577659230688034,0.2764563907137568,0.28708332214322196,-0.08680555224418664,588.8096760214087
2019-10-21 17:49:46,-0.0361689813435079,98.56431371515471,99.65639495849635,95.20037841796906,69.87163812931404,0.026606669675532817,20.500577926635753,19.373151970354336,19.438320528933026,0.08021313823881149,0.2757811478245793,0.27645950953721504,0.2870340837743184,-0.08680555224418664,588.8447511757465
2019-10-21 17:49:47,-0.0361689813435079,98.56431371515471,99.65639495849635,95.20037841796906,69.87163812931404,0.02659796047651829,20.500577926635753,19.374946042930112,19.43945362740194,0.08013528581960519,0.27563065832311523,0.276482611338854,0.28690188629921864,-0.08680555224418664,588.9416229319199
2019-10-21 17:49:48,-0.0361689813435079,98.56474362886892,99.65639495849635,95.20037841796906,69.87163812931404,0.026989875387374407,20.50252038115389,19.375950993357883,19.442178459434327,0.0801083733325518,0.2755525901323161,0.27639712216137236,0.28677281049581754,-0.08680555224418664,589.0921186967346
2019-10-21 17:49:49,-0.035865465322366265,98.56538428459992,99.65639495849635,95.20037841796906,69.87163812931404,0.026989875322246965,20.50009231300622,19.37433902589317,19.441335380216383,0.08006517309478411,0.27552173409984465,0.2759243967510889,0.2866288906349733,-0.08680555224418664,589.202399264962
2019-10-21 17:49:50,-0.036244860348793304,98.56555287821332,99.65639495849635,95.20037841796906,69.87163812931404,0.02611895314133398,20.50014627007617,19.36993478005864,19.439480605936907,0.08006471742838989,0.27548303554108167,0.275749876157388,0.2865143989349588,-0.08680555224418664,589.2243228369953
2019-10-21 17:49:51,-0.036539945369347675,98.56555287821332,99.65639495849635,95.20037841796906,69.87163812931404,0.025648655070291612,20.498311729697928,19.366832248536607,19.43661413659591,0.08016690162025708,0.27550461832737944,0.2757964150888945,0.2865063924611597,-0.08680555224418664,589.182338047696
2019-10-21 17:49:52,-0.036750720384029364,98.56508081609576,99.65639495849635,95.20037841796906,69.87163812931404,0.024246470338398003,20.49512826257098,19.368100239680384,19.432735972193374,0.08025674242309222,0.27551093725335696,0.2756315903924848,0.28654180685957104,-0.08680555224418664,589.0874034819362
2019-10-21 17:49:53,-0.03687718539283838,98.56512296449911,99.65639495849635,95.20037841796906,69.87163812931404,0.02482998828318994,20.49113543939481,19.366427570511995,19.432756206094606,0.08035412090363779,0.2754632975115928,0.2756267012138197,0.2866375834652883,-0.08680555224418664,588.9982026640366
2019-10-21 17:49:54,-0.036919340395774713,98.56491222248233,99.65639495849635,95.20037841796906,69.87163812931404,0.023941647769375365,20.486872830868897,19.36673107903046,19.430361861115653,0.08037916206188156,0.2754092540913258,0.2757411917328565,0.28676876974550547,-0.08680555224418664,588.8852280125489
2019-10-21 17:49:55,-0.03687718539283838,98.56414512154129,99.65639495849635,95.20037841796906,69.87163812931404,0.025039009580558082,20.48093755317459,19.36569240543396,19.432405485139945,0.0803678309445061,0.2753351437045152,0.27597312424288556,0.2869399169108261,-0.08680555224418664,588.8006644437933
2019-10-21 17:49:56,-0.036750720384029364,98.56427156675136,99.65639495849635,95.20037841796906,69.87163812931404,0.024890952828255652,20.47823969967718,19.366454549046985,19.435245136003203,0.08039742346965925,0.2753947511280618,0.27599234417046214,0.28703038439606277,-0.08680555224418664,588.6632378851631
2019-10-21 17:49:57,-0.036539945369347675,98.56498808960838,99.65639495849635,95.20037841796906,69.87163812931404,0.02584896710785961,20.478779270376663,19.368268855524,19.434813439429313,0.08043642517500568,0.27541742888919735,0.2760589504853279,0.28709015937952,-0.08680555224418664,588.6303560128035
2019-10-21 17:49:58,-0.036244860348793304,98.56552758917132,99.65639495849635,95.20037841796906,69.87163812931404,0.026493449441411375,20.48255626527304,19.371182537301205,19.429181314570727,0.0804480599078823,0.2754835309960074,0.2760266601205711,0.28713037452219903,-0.08680555224418664,588.575976960866
2019-10-21 17:49:59,-0.035865465322366265,98.56610923713761,99.65639495849635,95.20037841796906,69.87163812931404,0.027529846707528394,20.48466059100102,19.371162303399977,19.424486782723175,0.08037486212167448,0.2756988580549241,0.27612462723171854,0.2871105595902139,-0.08680555224418664,588.4342486330415
2019-10-21 17:50:00,-0.0361689813435079,98.56664873670054,99.65639495849635,95.20037841796906,69.87163812931404,0.02807852761311975,20.49140522474455,19.370089906634757,19.421518966034654,0.08041340899425806,0.27591629496543324,0.2762354112866326,0.28703914690406823,-0.08680555224418664,588.2897370167283
2019-10-21 17:50:01,-0.0361689813435079,98.56706179105342,99.65639495849635,95.20037841796906,69.87163812931404,0.028592371635816405,20.495937618620204,19.371492790453402,19.42270609271006,0.08046596853327381,0.2759796119792206,0.27629771891173843,0.28702548653373716,-0.08680555224418664,588.1330905016223
2019-10-21 17:50:02,-0.0361689813435079,98.5672641033895,99.65639495849635,95.20037841796906,69.87163812931404,0.028357222519971366,20.499660656446633,19.37081832707905,19.419367298935473,0.08046945920843643,0.2759873673910312,0.2765236710890752,0.2869620007095924,-0.14022435445885595,588.02104802343
2019-10-21 17:50:03,-0.0361689813435079,98.56824194634734,99.65639495849635,95.20037841796906,69.87163812931404,0.028783974530813668,20.502034767524357,19.37201212725166,19.418254367677278,0.0804651093892842,0.2757235614014123,0.2765725706562857,0.2869368763792495,-0.30169483706667805,588.0126180582129
2019-10-21 17:50:04,-0.0361689813435079,98.56824194634734,99.65639495849635,95.20037841796906,69.87163812931404,0.029620059872250276,20.50252038115389,19.369961758593625,19.422038333955147,0.08036828692351208,0.27582920591036547,0.2767214625726497,0.2869234703359634,-0.26797082735386285,588.1329294484827
2019-10-21 17:50:05,-0.0361689813435079,98.5672641033895,99.65639495849635,95.20037841796906,69.87163812931404,0.030160031665663715,20.50252038115389,19.37092624121894,19.424709368974817,0.08026650732074883,0.27548041543760576,0.27674607922147254,0.2869921848351591,0.19559916034167268,588.2427890306325
2019-10-21 17:50:06,-0.0361689813435079,98.56706179105342,99.65639495849635,95.20037841796906,69.87163812931404,0.02915847134756884,20.50009231300622,19.37428506882323,19.425795232777357,0.0803005505518204,0.2750642615042652,0.2765767843851127,0.2870725366896969,0.8681230066400607,588.2353677816341
2019-10-21 17:50:07,-0.035865465322366265,98.56634526819639,99.65639495849635,95.20037841796906,69.87163812931404,0.028200457089674023,20.49796100874326,19.377414578880234,19.423232227494466,0.0803007022379997,0.27503609983793303,0.2764171846124126,0.2871276768910033,1.3762761148470017,588.3296268347553
2019-10-21 17:50:08,-0.036244860348793304,98.5658816357595,99.65639495849635,95.20037841796906,69.87163812931404,0.027599520838031487,20.496915590513016,19.378500464912946,19.416622175203408,0.08028036658163691,0.2753106992700447,0.2764192889759318,0.28720347169951777,1.6727100015815497,588.4029720279736
2019-10-21 17:50:09,-0.036539945369347675,98.56567089374272,99.65639495849635,95.20037841796906,69.87163812931404,0.02696374766007595,20.498284751162956,19.377967638847206,19.410045823850897,0.08021121633636388,0.2756595707439884,0.27643108979249675,0.2872781704216858,1.7512869007868126,588.4445339816448
2019-10-21 17:50:10,-0.036750720384029364,98.56601651065021,99.65639495849635,95.20037841796906,69.87163812931404,0.026153790024228657,20.495755513509135,19.37502697853502,19.407583921383647,0.08021556745806518,0.2762608674022709,0.2765591568324399,0.28731459205523063,1.6120068124627904,588.3579428790626
2019-10-21 17:50:11,-0.03687718539283838,98.56593221384352,99.65639495849635,95.20037841796906,69.87163812931404,0.025657364291015266,20.49618042543498,19.372079573589083,19.40923646780167,0.08023089589008384,0.2764002308423155,0.27651632811639754,0.2873376918422602,1.2548697366094834,588.2668905191505
2019-10-21 17:50:12,-0.036919340395774713,98.56618510426364,99.65639495849635,95.20037841796906,69.87163812931404,0.024464200856489794,20.49300370294177,19.36886238329342,19.40825168013857,0.08022325758611704,0.2763802504344983,0.27671850630731354,0.28730455596686055,0.6798756732268916,588.2431141246465
2019-10-21 17:50:13,-0.03687718539283838,98.56707865041474,99.65639495849635,95.20037841796906,69.87163812931404,0.02362811582332313,20.49168175472804,19.369037743770754,19.41331042220827,0.08022947916826188,0.27617909059380114,0.276445766915253,0.2872220984983564,0.022055483468762037,588.3071010207257
2019-10-21 17:50:14,-0.03644720436288773,98.5668594787173,99.65639495849635,95.20037841796906,69.87163812931404,0.022870413620363635,20.494332395789254,19.367027842915174,19.42174165899111,0.08017261984534496,0.27605305087594234,0.27623634509273404,0.28711072200939736,-0.31525186571729025,588.4242913661875
2019-10-21 17:50:15,-0.03661582437463308,98.5665138618098,99.65639495849635,95.20037841796906,69.87163812931404,0.021180824799971194,20.495728534974162,19.36886912792716,19.429464642540363,0.08017175936407164,0.2756941429662822,0.27605145391606567,0.28696191484555866,-0.25562785756893686,588.4653505267536
2019-10-21 17:50:16,-0.03661582437463308,98.56702807233073,99.65639495849635,95.20037841796906,69.87163812931404,0.018959973515434738,20.492045964950194,19.371708618733194,19.429727589889648,0.08016659833473502,0.27485197400435485,0.2760815496072354,0.2868109156479655,-0.3745386507231886,588.5176264978527
2019-10-21 17:50:17,-0.03644720436288773,98.56634526819639,99.65639495849635,95.20037841796906,69.87163812931404,0.017165874046358234,20.488127332745204,19.378143159381764,19.43160954277563,0.08015830236506649,0.27447755568788945,0.2758641957125193,0.28665663083116577,-0.3594303055382011,588.5646770628476
2019-10-21 17:50:18,-0.03687718539283838,98.56652229149047,99.65639495849635,95.20037841796906,69.87163812931404,0.01902964728122413,20.48967185387248,19.37332729081735,19.43309345111989,0.08014236826510437,0.2745074853474728,0.2758813090535594,0.2865360649454574,-0.02765365788118274,588.5913182683219
2019-10-21 17:50:19,-0.036919340395774713,98.5665728695745,99.65639495849635,95.20037841796906,69.87163812931404,0.01920383169569758,20.490663315032783,19.372713373535493,19.428641726087108,0.08007195329680053,0.2746879905114925,0.27568174818734814,0.2864878418701242,0.5615719031273366,588.5006013883592
2019-10-21 17:50:20,-0.036573669371696746,98.56658129925518,99.65639495849635,95.20037841796906,69.87163812931404,0.019900569353591364,20.48582066800493,19.369010458459442,19.425006150643668,0.08007342059226047,0.2750674689705284,0.2757851976058984,0.2864600204643398,1.3691940608853421,588.1593159851232
2019-10-21 17:50:21,-0.03682659938931477,98.56586477639814,99.65639495849635,95.20037841796906,69.87163812931404,0.021433392200957694,20.487452869370863,19.373934134458928,19.420257643942033,0.08010948848821645,0.27540175557692365,0.2757904253083794,0.2864786541406376,2.2306397324189247,587.7520946867276
2019-10-21 17:50:22,-0.03691090939518745,98.56519040194448,99.65639495849635,95.20037841796906,69.87163812931404,0.021677250381220516,20.483183516211206,19.37095952867633,19.41513816015433,0.08013382019140805,0.2753500741122772,0.2757278687748327,0.28658387252500905,3.0808215766606875,587.2830735142152
2019-10-21 17:50:23,-0.03682659938931477,98.56502180833107,99.65639495849635,95.20037841796906,69.87163812931404,0.02187756245786498,20.486178133593327,19.363917997667052,19.410389653452697,0.08015931517511003,0.2752763014851203,0.27546541257338153,0.2867320883663113,3.834755121723767,586.8491303415026
2019-10-21 17:50:24,-0.036573669371696746,98.564895363121,99.65639495849635,95.20037841796906,69.87163812931404,0.02217367596246984,20.489705577041196,19.360377020491363,19.406754078009257,0.0802016560952149,0.2752433347674248,0.27544357684942455,0.2869045860144927,4.381218686916972,586.4659428096334
2019-10-21 17:50:25,-0.036919340395774713,98.56481106631429,99.65639495849635,95.20037841796906,69.87163812931404,0.021851434795693965,20.489395323888985,19.36130782440832,19.402302352976474,0.08024065750531684,0.27563537174449465,0.2753391155412987,0.2870427710470905,4.610406949074131,586.1124333023763
2019-10-21 17:50:26,-0.03687718539283838,98.56523255034783,99.65639495849635,95.20037841796906,69.87163812931404,0.0218427255749703,20.488221757617616,19.363439262052296,19.397034478354346,0.08028502130147204,0.2753564757761709,0.27569380562344425,0.28724899123876585,4.403139310005394,585.8311006417101
2019-10-21 17:50:27,-0.036750720384029364,98.56569618278473,99.65639495849635,95.20037841796906,69.87163812931404,0.021746924147009905,20.48515294926431,19.36360135556385,19.399631317956803,0.08035594377762253,0.2753394445478231,0.2759380507302459,0.287367616777932,4.38250024001916,585.5711796544942
2019-10-21 17:50:28,-0.036539945369347675,98.56620196362499,99.65639495849635,95.20037841796906,69.87163812931404,0.02322749167003422,20.48595556067979,19.357753664741495,19.407421836764172,0.08041993578969757,0.2756234827019406,0.2761988202175068,0.28748118092408065,4.295424907079674,585.445228985697
2019-10-21 17:50:29,-0.036244860348793304,98.56674989286859,99.65639495849635,95.20037841796906,69.87163812931404,0.023906810886480667,20.482913730861455,19.357787499061068,19.41632528682974,0.08042448804234033,0.2758809644859164,0.276305556297303,0.28745386497679926,4.216578196256598,585.4173276674513
2019-10-21 17:50:30,-0.035865465322366265,98.5665728695745,99.65639495849635,95.20037841796906,69.87163812931404,0.02517835711213683,20.47767315044274,19.356593854499643,19.419589885187115,0.08040688403975454,0.27594285140504476,0.27640082654141673,0.28733920071508584,4.121543994316698,585.3689384549386
2019-10-21 17:50:31,-0.035865465322366265,98.56635369787706,99.65639495849635,95.20037841796906,69.87163812931404,0.025396087630228638,20.47811155163606,19.361032023574413,19.425896495650225,0.08040243173604265,0.2758466528429029,0.27655966604228416,0.2872169507550202,3.795298101185095,585.389420231463
2019-10-21 17:50:32,-0.036244860348793304,98.56600808096957,99.65639495849635,95.20037841796906,69.87163812931404,0.02456000244075609,20.479932602746818,19.358205861978654,19.425822300233012,0.08035032734240152,0.27558057451303847,0.2764580723566895,0.2870574341370519,3.2505207114564314,585.6265813654137
2019-10-21 17:50:33,-0.036539945369347675,98.56621882298631,99.65639495849635,95.20037841796906,69.87163812931404,0.024168087508190828,20.485078758293128,19.36271802195308,19.428048162749402,0.08027561149605525,0.2753831207196483,0.27632385214447774,0.2869376294262769,2.567272598996314,586.1277970889805
2019-10-21 17:50:34,-0.036750720384029364,98.56668245542323,99.65639495849635,95.20037841796906,69.87163812931404,0.02390681088648066,20.486866086235167,19.368370025030167,19.425822300233012,0.08026938979233916,0.2752021951275281,0.2761853323394054,0.28680930937920507,1.8268286259996915,586.7335549379025
2019-10-21 17:50:35,-0.03687718539283838,98.56693534584335,99.65639495849635,95.20037841796906,69.87163812931404,0.023297165435823587,20.48785080276172,19.37031247954831,19.41914471268384,0.08020013737511822,0.27515076569743996,0.27597751220067435,0.28673250490413194,1.114443021915457,587.3506942073243
2019-10-21 17:50:36,-0.036919340395774713,98.56728096275086,99.65639495849635,95.20037841796906,69.87163812931404,0.023131690242073816,20.487614740580693,19.3709464751202,19.412096148048597,0.08025092581213236,0.27482145524525203,0.2763709888591643,0.2867297213394331,0.5028247073258018,587.9280436767027
2019-10-21 17:50:37,-0.03687718539283838,98.5675001344483,99.65639495849635,95.20037841796906,69.87163812931404,0.02176434258845724,20.486400706506856,19.368464449902582,19.41142838929368,0.08027358912365719,0.27470274606506917,0.27664297457897397,0.2867387468581438,0.08390528415188687,588.3607190538971
2019-10-21 17:50:38,-0.036750720384029364,98.56691005680133,99.65639495849635,95.20037841796906,69.87163812931404,0.022339151156219622,20.484451507354976,19.367918134569358,19.411131607624828,0.08032139286503112,0.2747889929440198,0.2764674402200268,0.28678258975624826,-0.21313563044810416,588.7011686027206
2019-10-21 17:50:39,-0.036539945369347675,98.56627783075102,99.65639495849635,95.20037841796906,69.87163812931404,0.02383713712069127,20.48097802097706,19.360134827229324,19.41194775721417,0.0803696519601875,0.27499040384670564,0.27643556701831407,0.28682474420343046,-0.24544320545552323,588.8597574300716
2019-10-21 17:50:40,-0.036244860348793304,98.56560345629735,99.65639495849635,95.20037841796906,69.87163812931404,0.024220342832532844,20.476836815858533,19.3545098026872,19.407867009267452,0.08038497973224798,0.27537215985618324,0.27641979971410036,0.2869592193679106,-0.15297202297024004,588.8872485749943
2019-10-21 17:50:41,-0.035865465322366265,98.56519040194448,99.65639495849635,95.20037841796906,69.87163812931404,0.024342271922664267,20.47614886321669,19.347805636746127,19.408312181770732,0.08040971631978794,0.2754132148824933,0.27620843191802724,0.28701933016588155,-0.09408993425069181,588.8550483330162
2019-10-21 17:50:42,-0.035865465322366265,98.56481949599495,99.65639495849635,95.20037841796906,69.87163812931404,0.023802300237796576,20.477754086047646,19.347239087511674,19.404602410910076,0.08046429807489588,0.27568511675287843,0.27597227901012,0.287054737964711,-0.08680555224418664,588.8701425121117
2019-10-21 17:50:43,-0.03594134432765167,98.5645750352555,99.65639495849635,95.20037841796906,69.87163812931404,0.024324853481216917,20.477895723356262,19.353376704218284,19.40616051467155,0.08050689153321161,0.27573536610825694,0.27606704240634533,0.28713989202237167,-0.08437742470027704,588.9520100057833
2019-10-21 17:50:44,-0.03661582437463308,98.56454131653281,99.65639495849635,95.20037841796906,69.87163812931404,0.02511739256707111,20.477727107512674,19.359311981912597,19.404305629241225,0.0805359280435913,0.27559828014918475,0.27622630393310676,0.2871371942522373,-0.08741258413016403,589.0532681836407
2019-10-21 17:50:45,-0.03712168440986914,98.56480263663362,99.65639495849635,95.20037841796906,69.87163812931404,0.024847406724637266,20.477491045331647,19.361369095204378,19.401708789638768,0.08046900204845261,0.2755933889559104,0.2762997374112243,0.28717108914902234,-0.08977326368674281,589.0574009324024
2019-10-21 17:50:46,-0.03745892443335984,98.56467619142356,99.65639495849635,95.20037841796906,69.87163812931404,0.02484740672463727,20.47694472999842,19.365753107137664,19.400312450382316,0.08048351972183725,0.27563301472119295,0.2766477683068442,0.28714689598494825,-0.09145946337001337,588.85868369505
2019-10-21 17:50:47,-0.037627544445105195,98.56446544940678,99.65639495849635,95.20037841796906,69.87163812931404,0.024011321535164717,20.47724823851688,19.375654389530393,19.400555417254317,0.08049095593965991,0.2757246581129823,0.2768048394671139,0.2870661296766685,-0.09247118317997569,588.5865259415081
2019-10-21 17:50:48,-0.037627544445105195,98.5641704105833,99.65639495849635,95.20037841796906,69.87163812931404,0.025256740098649873,20.477787809216366,19.377475240569613,19.39866691980613,0.08044193780575065,0.27553715044524074,0.27652366344745416,0.28698342288290796,-0.09280842311662979,588.3518077788113
2019-10-21 17:50:49,-0.03745892443335984,98.56379107495312,99.65639495849635,95.20037841796906,69.87163812931404,0.025047718801281735,20.47819248724098,19.37022460368412,19.39731799305742,0.08039286932397857,0.2759200032357576,0.2765659840651611,0.28700272749354055,-0.09247118317997569,588.1924583595132
2019-10-21 17:50:50,-0.03712168440986914,98.56379107495312,99.65639495849635,95.20037841796906,69.87163812931404,0.023784881796349248,20.48089034073839,19.366460986904364,19.396751443822964,0.0803183559458575,0.27613718838958545,0.27632966054069497,0.28703257545724725,-0.09145946337001337,588.1668265816231
2019-10-21 17:50:51,-0.03661582437463308,98.5641704105833,99.65639495849635,95.20037841796906,69.87163812931404,0.023053307255560776,20.48041821637635,19.35883948408366,19.395935343139996,0.08024945799565283,0.276053214267696,0.275677014828285,0.2870273444897099,-0.08977326368674281,588.241605033965
2019-10-21 17:50:52,-0.03594134432765167,98.56446544940678,99.65639495849635,95.20037841796906,69.87163812931404,0.021520484408194436,20.47502250938153,19.352384847360934,19.396272574827172,0.08026771959447107,0.2761285919826355,0.27541085251005754,0.2870534787644883,-0.08741258413016403,588.3629222949917
2019-10-21 17:50:53,-0.035865465322366265,98.56467619142356,99.65639495849635,95.20037841796906,69.87163812931404,0.02210400219668049,20.473511711422983,19.35084709309759,19.397149377213832,0.08027434619990284,0.2760968074931973,0.27553756976183297,0.2871517830795351,-0.08437742470027704,588.5729415644593
2019-10-21 17:50:54,-0.0361689813435079,98.56480263663362,99.65639495849635,95.20037841796906,69.87163812931404,0.021973363885825402,20.46963354702045,19.348776557228845,19.398565750299973,0.08022163584307378,0.2759800352555618,0.2756556045342169,0.2872175429806574,-0.08680555224418664,588.8343907069509
2019-10-21 17:50:55,-0.0361689813435079,98.56484478503697,99.65639495849635,95.20037841796906,69.87163812931404,0.021442101421681375,20.46467624121896,19.34621370755716,19.400521694085597,0.0802321575390989,0.2762161856625749,0.27575340665581716,0.2873005041709323,-0.08680555224418664,588.9721572982697
2019-10-21 17:50:56,-0.0361689813435079,98.56480263663362,99.65639495849635,95.20037841796906,69.87163812931404,0.022321732714772287,20.459314257392855,19.34658481802424,19.40301720857071,0.08028183262664973,0.27640714720412646,0.27612513359332225,0.28733136242642093,-0.08680555224418664,588.9715674340325
2019-10-21 17:50:57,-0.0361689813435079,98.56467619142356,99.65639495849635,95.20037841796906,69.87163812931404,0.02248720790852205,20.452164945624716,19.3544290271395,19.40114220039,0.08033024415478025,0.27685002701265904,0.2764843819024687,0.2873456071028908,-0.12079933660847358,588.913644786205
2019-10-21 17:50:58,-0.0361689813435079,98.56446544940678,99.65639495849635,95.20037841796906,69.87163812931404,0.023436512967402345,20.45240775243949,19.354213038802484,19.40096683991267,0.08033348184018166,0.27653006976578975,0.27642561887805633,0.28733590995515235,-0.29441045068360755,588.89948164222
2019-10-21 17:50:59,-0.0361689813435079,98.5641704105833,99.65639495849635,95.20037841796906,69.87163812931404,0.02460354854437445,20.45341944750102,19.353909530284017,19.40133779476857,0.0803498214497157,0.2766523232687888,0.27656144230238006,0.2873784843441498,-0.18062569211413027,588.908917478194
2019-10-21 17:51:00,-0.0361689813435079,98.56348760644896,99.65639495849635,95.20037841796906,69.87163812931404,0.024629676206545468,20.453689232850763,19.357005317172288,19.40164130328703,0.08040217858997557,0.2763396995467746,0.276384980181159,0.28736507989865706,0.2679708487504014,589.0196955754221
2019-10-21 17:51:01,-0.0361689813435079,98.5641704105833,99.65639495849635,95.20037841796906,69.87163812931404,0.025239321657202538,20.453217108488722,19.359258024842628,19.40126360379739,0.08044684631424372,0.27644314889585564,0.2760582798983396,0.2873912970502899,0.6412279899373208,589.1787857731475
2019-10-21 17:51:02,-0.0361689813435079,98.56446544940678,99.65639495849635,95.20037841796906,69.87163812931404,0.024699349972334847,20.453756679188206,19.35814516027494,19.40355003463645,0.08047117784376209,0.2761811164570305,0.2761212613754901,0.28741439732360446,0.8917972480656813,589.3110728586206
2019-10-21 17:51:03,-0.0361689813435079,98.5643727229194,99.65639495849635,95.20037841796906,69.87163812931404,0.025840257887135933,20.46077109828147,19.361301648866906,19.401155689657497,0.08051569376027967,0.27585449752274155,0.2762895404319948,0.2875016594266562,1.0135408570785915,589.4507817621846
2019-10-21 17:51:04,-0.0361689813435079,98.5645750352555,99.65639495849635,95.20037841796906,69.87163812931404,0.02574445645917553,20.465080919243576,19.357909098093916,19.400933116743957,0.08049131150081741,0.2754569756679052,0.27636634594910703,0.28754761085643676,1.006458816976051,589.5460525192597
2019-10-21 17:51:05,-0.0361689813435079,98.56529155811253,99.65639495849635,95.20037841796906,69.87163812931404,0.025744456459175526,20.469228868995838,19.360876896998306,19.397115654045116,0.08054467948861356,0.2756353777188527,0.27654921369397084,0.2876046898759613,0.8705511277580608,589.6776592548092
2019-10-21 17:51:06,-0.0361689813435079,98.56545172204528,99.65639495849635,95.20037841796906,69.87163812931404,0.026153789833188133,20.474725745496805,19.35714016983285,19.394788755403603,0.08051372001637969,0.27559019191003964,0.2765225709735105,0.28760772582256505,0.6058177894246197,589.7359186630443
2019-10-21 17:51:07,-0.0361689813435079,98.56573833118809,99.65639495849635,95.20037841796906,69.87163812931404,0.024620966985821783,20.47543393203987,19.35484009411511,19.393338659148746,0.08045939135523689,0.27615203362800644,0.27676799851697714,0.2876438949352663,0.2122588019757284,589.6247219983809
2019-10-21 17:51:08,-0.0361689813435079,98.5663705572384,99.65639495849635,95.20037841796906,69.87163812931404,0.02406357685950676,20.478104807002307,19.352857220700894,19.392522558465775,0.0804610097116526,0.275767240629886,0.2766175907808592,0.28758648086539035,-0.22419710188999914,589.4722893276988
2019-10-21 17:51:09,-0.0361689813435079,98.56627783075102,99.65639495849635,95.20037841796906,69.87163812931404,0.02425517971542756,20.474058026756197,19.34666538016228,19.39350053035859,0.08045797458131296,0.27570181564017676,0.2764920542290169,0.2875913724754804,-0.2677684893488612,589.2906778686826
2019-10-21 17:51:10,-0.0361689813435079,98.56644642436444,99.65639495849635,95.20037841796906,69.87163812931404,0.02315781790424483,20.463536398116304,19.34349538451869,19.39565881315653,0.08045129695069284,0.2756235727341309,0.27634780070720644,0.287515409759709,-0.19789238120396715,589.1792191369846
2019-10-21 17:51:11,-0.0361689813435079,98.56687633807866,99.65639495849635,95.20037841796906,69.87163812931404,0.023210073228586876,20.460568759269155,19.336440208630734,19.398626452003683,0.08048240678918965,0.27543783472690325,0.27596528880246096,0.2874380960747921,-0.2998737425028874,589.0525865532595
2019-10-21 17:51:12,-0.0361689813435079,98.56658129925518,99.65639495849635,95.20037841796906,69.87163812931404,0.02260042777792981,20.4575066955496,19.33219767839486,19.40240344690006,0.08050167956552326,0.2754226576337176,0.2760627503161669,0.2874249439417352,-0.24166611774818159,588.9326133461282
2019-10-21 17:51:13,-0.0361689813435079,98.56586477639814,99.65639495849635,95.20037841796906,69.87163812931404,0.02322749167003422,20.454235548183988,19.339050364105336,19.402079704480368,0.08053946802457748,0.27537872921892614,0.27618230042201986,0.287503690152736,0.13779625115972685,588.8067389357078
2019-10-21 17:51:14,-0.0361689813435079,98.56549387044863,99.65639495849635,95.20037841796906,69.87163812931404,0.023053307255560762,20.452043542217343,19.341276164377255,19.40396820192855,0.08058484438763373,0.2754756028835598,0.27646827753329384,0.28758850770118993,0.9309170881768241,588.7102826169614
2019-10-21 17:51:15,-0.035865465322366265,98.56524940970918,99.65639495849635,95.20037841796906,69.87163812931404,0.023497477512468053,20.449177072876346,19.34363667503664,19.40183015303185,0.0805954174561936,0.2757917698168818,0.2766685976292988,0.287744565165683,1.6943608169511262,588.7330446043229
2019-10-21 17:51:16,-0.036244860348793304,98.56444859004544,99.65639495849635,95.20037841796906,69.87163812931404,0.023541023616086405,20.4517737568676,19.344648236717145,19.401803174496877,0.0805924836641705,0.27614908000250327,0.2771126574430716,0.287862093715402,2.1907105278093573,588.7636511031299
2019-10-21 17:51:17,-0.036539945369347675,98.56416198090263,99.65639495849635,95.20037841796906,69.87163812931404,0.022077874534509438,20.4536959774845,19.343346366793448,19.40139849647226,0.08053269153916773,0.2765420487710656,0.2776786311245193,0.28804925889957855,2.3910310363314586,588.7012659175148
2019-10-21 17:51:18,-0.036750720384029364,98.5641704105833,99.65639495849635,95.20037841796906,69.87163812931404,0.022330441935495937,20.45669733950037,19.346685027187004,19.400858925772773,0.08048352171907913,0.2766652243398574,0.27776546995123025,0.2881645956239509,2.2891845764605394,588.6064206992567
2019-10-21 17:51:19,-0.03687718539283838,98.56348760644896,99.65639495849635,95.20037841796906,69.87163812931404,0.023105562579902775,20.45986057272608,19.343400274957016,19.40079822406908,0.08046328661950339,0.2767332629029299,0.27787212190372496,0.2882596977523999,1.8851711481965985,588.5555798368313
2019-10-21 17:51:20,-0.036919340395774713,98.5641704105833,99.65639495849635,95.20037841796906,69.87163812931404,0.024464201012795665,20.46330033593528,19.350563458351584,19.402740678587218,0.08041396405382888,0.27653100280772924,0.27776606224633693,0.28824359748191286,1.1789907515396363,588.5682256382955
2019-10-21 17:51:21,-0.03687718539283838,98.56446544940678,99.65639495849635,95.20037841796906,69.87163812931404,0.025387378409504953,20.47186602078955,19.344627976139698,19.40134453940231,0.08042251252697362,0.27655857092850766,0.2773752873177305,0.2882192314782628,0.3977407487695457,588.5358508272342
2019-10-21 17:51:22,-0.036750720384029364,98.5643727229194,99.65639495849635,95.20037841796906,69.87163812931404,0.02502159113911072,20.479420010582302,19.346638010376296,19.398781578579772,0.08047800516331965,0.276772550074927,0.2772239485542821,0.2881925064367021,-0.16133557204461124,588.4941986724228
2019-10-21 17:51:23,-0.03623642934820604,98.56487850375966,99.65639495849635,95.20037841796906,69.87163812931404,0.025718328797004517,20.481881801898687,19.352654534897916,19.398835535649724,0.08052646686563977,0.27660080859989056,0.27705625387338567,0.2881320571843845,-0.3496503400549057,588.4640951089941
2019-10-21 17:51:24,-0.036320739354078715,98.56521569098649,99.65639495849635,95.20037841796906,69.87163812931404,0.025892513211477966,20.47925139473871,19.352843469117396,19.397135887946355,0.08056076440638893,0.2764824364846686,0.27661387493838313,0.2880274314424659,-0.1918895134489583,588.472943072554
2019-10-21 17:51:25,-0.03623642934820604,98.56538428459992,99.65639495849635,95.20037841796906,69.87163812931404,0.025857676328583275,20.47189974395827,19.352074714251643,19.39252255846578,0.08052338145690663,0.2765815030861573,0.2764618648237845,0.28796242917334347,-0.10076728444937252,588.5146731930195
2019-10-21 17:51:26,-0.03644720436288773,98.56538428459992,99.65639495849635,95.20037841796906,69.87163812931404,0.02459483932365078,20.466207273078737,19.348385421824112,19.389116518425297,0.08055287332106881,0.2767227235790738,0.2766309893909319,0.2878364694146294,-0.08923367947548444,588.5892854703905
2019-10-21 17:51:27,-0.036953064398123785,98.56521569098649,99.65639495849635,95.20037841796906,69.87163812931404,0.022269477390430246,20.45987406199357,19.344884707933307,19.38753152949556,0.0804746163301259,0.2764674313974275,0.27646869344589114,0.2877336922503303,-0.08680555224418664,588.6047148448896
2019-10-21 17:51:28,-0.03729030442161449,98.56487850375966,99.65639495849635,95.20037841796906,69.87163812931404,0.022191094403917186,20.453642020414552,19.348081664327744,19.387767591676585,0.08037966639150851,0.2763557224284804,0.2766264361657193,0.28764651330201013,-0.08680555224418664,588.6102851209677
2019-10-21 17:51:29,-0.03745892443335984,98.5643727229194,99.65639495849635,95.20037841796906,69.87163812931404,0.023340711539441943,20.445582183091037,19.3527557844327,19.38982470496836,0.08037855345886094,0.27627352171844616,0.27678021948376536,0.28763622573483594,-0.08680555224418664,588.6537075798564
2019-10-21 17:51:30,-0.03745892443335984,98.56446544940678,99.65639495849635,95.20037841796906,69.87163812931404,0.024620966985821783,20.445730565033394,19.359709679663645,19.39370286937088,0.08033606187724868,0.27609967615776776,0.2770082820684489,0.2876383358643056,-0.08680555224418664,588.7471260835532
2019-10-21 17:51:31,-0.03729030442161449,98.5641704105833,99.65639495849635,95.20037841796906,69.87163812931404,0.023828427899967607,20.44461770046571,19.355480656479386,19.395105753189537,0.08035467865514334,0.2762157698194473,0.2770906518667179,0.2876899327848348,-0.08680555224418664,588.7569907306248
2019-10-21 17:51:32,-0.036953064398123785,98.56379107495312,99.65639495849635,95.20037841796906,69.87163812931404,0.022774612192403246,20.451908649542457,19.358704818156546,19.39965838096642,0.08035361645243963,0.2760087028666818,0.2772370987421988,0.28767020330006765,-0.08680555224418664,588.6641636561693
2019-10-21 17:51:33,-0.03644720436288773,98.56409454345726,99.65639495849635,95.20037841796906,69.87163812931404,0.023750044913454563,20.455213520076782,19.35548079430646,19.40365794877634,0.08033935164724496,0.2756324255522045,0.2770932614803319,0.28760402005313496,-0.08680555224418664,588.5197372614379
2019-10-21 17:51:34,-0.036539945369347675,98.56409454345726,99.65639495849635,95.20037841796906,69.87163812931404,0.02392422932792801,20.45696038021635,19.353201108101143,19.39982025217627,0.08033555742605047,0.2756340285559086,0.2769252303596983,0.2875808355135802,-0.08680555224418664,588.4008574230147
2019-10-21 17:51:35,-0.036244860348793304,98.56409454345726,99.65639495849635,95.20037841796906,69.87163812931404,0.023924229327928006,20.45818115892393,19.3526213185771,19.39500458368339,0.08035619645477195,0.2756354626797859,0.2771709953154723,0.2875601786138856,-0.08680555224418664,588.3275063965997
2019-10-21 17:51:36,-0.035865465322366265,98.56409454345726,99.65639495849635,95.20037841796906,69.87163812931404,0.02264397388154816,20.457115506792462,19.346260862194903,19.39290025795541,0.08036924724951235,0.2755902738143242,0.276972784029021,0.287604443815761,-0.08680555224418664,588.299684182193
2019-10-21 17:51:37,-0.0361689813435079,98.56409454345726,99.65639495849635,95.20037841796906,69.87163812931404,0.021807888692075606,20.456373597080677,19.34394723496519,19.392529303099522,0.08037592389019518,0.27572634823116715,0.2770206744854274,0.28768209137005196,-0.08680555224418664,588.3082841637545
2019-10-21 17:51:38,-0.0361689813435079,98.56409454345726,99.65639495849635,95.20037841796906,69.87163812931404,0.02260042777792979,20.4537431899207,19.34452698892094,19.39303515063029,0.08041462257052936,0.2758023148372184,0.27726416008455834,0.28780029182667577,-0.13779622628972282,588.3859400893718
2019-10-21 17:51:39,-0.0361689813435079,98.56409454345726,99.65639495849635,95.20037841796906,69.87163812931404,0.024002612314441056,20.44922428531254,19.342550504457733,19.394417800547718,0.08048109303821241,0.27604343938382964,0.27723895544772453,0.28792633710207716,-0.08134226573930778,588.5634974766459
2019-10-21 17:51:40,-0.0361689813435079,98.56409454345726,99.65639495849635,95.20037841796906,69.87163812931404,0.024829988283189934,20.44932545481869,19.336500123386372,19.396677252851802,0.08049667409527853,0.27607446380984313,0.27726121403120696,0.2879636052188348,-0.02266252179801614,588.7157634032649
2019-10-21 17:51:41,-0.0361689813435079,98.56409454345726,99.65639495849635,95.20037841796906,69.87163812931404,0.02491708049042666,20.445912670144466,19.333923655512216,19.399813507542543,0.0805232822547706,0.27628692414932954,0.2769917576879897,0.2879352783545478,0.019829706573264015,588.7265538213428
2019-10-21 17:51:42,-0.0361689813435079,98.56409454345726,99.65639495849635,95.20037841796906,69.87163812931404,0.023636825044046822,20.4485835451069,19.33059185534929,19.403826564619937,0.08053233653376453,0.27616576971985607,0.27717858650189825,0.28774406102709643,0.04613441937453268,588.5636731839139
2019-10-21 17:51:43,-0.0361689813435079,98.56409454345726,99.65639495849635,95.20037841796906,69.87163812931404,0.02398519387299372,20.44804397440742,19.323010482432455,19.403806330718705,0.08054933281906301,0.27616248410064936,0.27696561736938363,0.28748952883940554,0.05625161660578988,588.3251600287747
2019-10-21 17:51:44,-0.0361689813435079,98.56409454345726,99.65639495849635,95.20037841796906,69.87163812931404,0.024063576859506768,20.447578594679115,19.32574903048008,19.401155689657493,0.08054184568025592,0.2764151629868095,0.276981047747575,0.2872552304834761,0.05018129826703556,588.1202045431797
2019-10-21 17:51:45,-0.0361689813435079,98.56409454345726,99.65639495849635,95.20037841796906,69.87163812931404,0.024725477634505874,20.446769238629894,19.32976901003258,19.400616118958006,0.08050724483661739,0.2763636509577441,0.2767883981719168,0.28709057244387626,0.027923464358269767,587.997537395061
2019-10-21 17:51:46,-0.0361689813435079,98.56409454345726,99.65639495849635,95.20037841796906,69.87163812931404,0.024159378287467167,20.44585871307452,19.333991439748253,19.400858925772773,0.08046353898404104,0.27638953194751675,0.27657433517607294,0.28707910695554023,-0.010521885120507515,587.9633939871993
2019-10-21 17:51:47,-0.0361689813435079,98.56409454345726,99.65639495849635,95.20037841796906,69.87163812931404,0.02426388893615123,20.446931109839742,19.336244303029783,19.40133779476857,0.08045104470772643,0.27647038523133877,0.2765825997977275,0.28710911754683816,-0.06515475016929628,588.0177743195948
2019-10-21 17:51:48,-0.0361689813435079,98.56409454345726,99.65639495849635,95.20037841796906,69.87163812931404,0.024107122963125137,20.44658713351882,19.34205819954688,19.403448865130294,0.08048675928290928,0.27662045694453513,0.27636651031343046,0.2872087696354435,-0.13597513078809653,588.1836978939045
2019-10-21 17:51:49,-0.0361689813435079,98.56409454345726,99.65639495849635,95.20037841796906,69.87163812931404,0.023236200890757903,20.44634432670405,19.333620391525635,19.403064421006913,0.08046723322157003,0.2763104451980908,0.27642434891009465,0.28727250749414673,-0.09408993425069181,588.4147841091215
2019-10-21 17:51:50,-0.0361689813435079,98.56409454345726,99.65639495849635,95.20037841796906,69.87163812931404,0.022757193750955924,20.446378049872767,19.3313743840287,19.400724033097912,0.08042909111176359,0.27607437725111655,0.27644509077072227,0.28733717193414615,-0.08680555224418664,588.5772511586736
2019-10-21 17:51:51,-0.035865465322366265,98.56409454345726,99.65639495849635,95.20037841796906,69.87163812931404,0.022504626349969418,20.446445496210202,19.32882509476105,19.39696727210276,0.08041012075258602,0.27573537027641404,0.2763834610268795,0.28736406974581347,-0.26405884606854996,588.674623716129
2019-10-21 17:51:52,-0.03594134432765167,98.56409454345726,99.65639495849635,95.20037841796906,69.87163812931404,0.020039916885170136,20.446917620572258,19.325074967248796,19.390391254202818,0.08039747331386982,0.275505792288792,0.27654592397607647,0.28730252343457946,-0.09348290283363206,588.7724269342325
2019-10-21 17:51:53,-0.03661582437463308,98.56409454345726,99.65639495849635,95.20037841796906,69.87163812931404,0.020484087142077417,20.447180661288257,19.320090438380447,19.38590607276337,0.08033934871216777,0.2754634727131243,0.27659836758822626,0.28718929454719044,0.13530064893491398,588.8314379712099
2019-10-21 17:51:54,-0.03712168440986914,98.56409454345726,99.65639495849635,95.20037841796906,69.87163812931404,0.02139855531806302,20.447652785650305,19.316933976464686,19.385454182302553,0.0802458143664965,0.27543219416847387,0.2762305230805374,0.28709689331499355,0.3170729580320134,588.8610303474209
2019-10-21 17:51:55,-0.03745892443335984,98.56409454345726,99.65639495849635,95.20037841796906,69.87163812931404,0.02278332141312693,20.44772023198774,19.310721946485174,19.384665060154557,0.08020463747369683,0.27524351184462675,0.27615540365239183,0.2869738022208499,0.43342072549677824,588.9042829322385
2019-10-21 17:51:56,-0.037627544445105195,98.56409454345726,99.65639495849635,95.20037841796906,69.87163812931404,0.02407228608023045,20.445325887008792,19.305697287712952,19.384692038689533,0.08017519654788638,0.2752766431350537,0.27600280228472585,0.28691731313447655,0.4843439513292085,588.8945871633264
2019-10-21 17:51:57,-0.037627544445105195,98.56409454345726,99.65639495849635,95.20037841796906,69.87163812931404,0.02509126474859423,20.448360972193377,19.298257685485748,19.38528556645896,0.08009066754009916,0.2756240848616848,0.27571235656182586,0.2869496889464514,0.4698426355293041,588.867688870376
2019-10-21 17:51:58,-0.03745892443335984,98.56409454345726,99.65639495849635,95.20037841796906,69.87163812931404,0.02637152039035643,20.450074109164227,19.300179950562995,19.387228020977098,0.08011935019131884,0.27583468516112,0.2755803228258259,0.2870723573200083,0.38991677809706515,588.7326274596187
2019-10-21 17:51:59,-0.03712168440986914,98.56409454345726,99.65639495849635,95.20037841796906,69.87163812931404,0.027172768848898347,20.451868181740004,19.291182404631545,19.386148879578133,0.08016032567529988,0.2759646034185155,0.2760758994620448,0.2872124820739248,0.2445663790324915,588.5678010953906
2019-10-21 17:52:00,-0.03661582437463308,98.56409454345726,99.65639495849635,95.20037841796906,69.87163812931404,0.028818811674218188,20.45271126095794,19.296693241679634,19.383990596780205,0.08024070738426199,0.2762972910504248,0.27639341250166266,0.287386834551961,0.033791438335583256,588.3813900536328
2019-10-21 17:52:01,-0.03594134432765167,98.56409454345726,99.65639495849635,95.20037841796906,69.87163812931404,0.03043001757322502,20.452603346818037,19.30407883793051,19.380753172583308,0.08033024512735025,0.27616036994196125,0.27652493348488527,0.28755807084637164,-0.2424080439936596,588.2829996744807
2019-10-21 17:52:02,-0.035865465322366265,98.56409454345726,99.65639495849635,95.20037841796906,69.87163812931404,0.02900170523994601,20.4523335614683,19.312307424478654,19.37619380017268,0.08040136988068539,0.2764417950090003,0.2768629305151524,0.2876857171803374,-0.13597513078809653,588.20105905244
2019-10-21 17:52:03,-0.0361689813435079,98.56409454345726,99.65639495849635,95.20037841796906,69.87163812931404,0.030194868652762323,20.45190190490872,19.31741990131659,19.376011695061607,0.0804553455684015,0.2765799809446987,0.277215851423069,0.2877448189369734,-0.09408993425069181,588.1160760626108
2019-10-21 17:52:04,-0.0361689813435079,98.56409454345726,99.65639495849635,95.20037841796906,69.87163812931404,0.030072939649467507,20.45076206180607,19.318397828749063,19.37819021176077,0.08055489892378855,0.2762528615536953,0.2769366140132194,0.2878228934494772,-0.1717900106540098,588.0616088013564
2019-10-21 17:52:05,-0.0361689813435079,98.56409454345726,99.65639495849635,95.20037841796906,69.87163812931404,0.028723010437298285,20.448124910012353,19.317230873730402,19.37835882760436,0.08071287945433953,0.27587481895526883,0.27695195783268434,0.2877877386577763,-0.11655011168726706,588.0003172689956
2019-10-21 17:52:06,-0.0361689813435079,98.56409454345726,99.65639495849635,95.20037841796906,69.87163812931404,0.027730159187963024,20.44477957167556,19.30860410481349,19.37845999711051,0.08076467872152263,0.276022696689571,0.2769912455604359,0.28781429620889587,0.024955755260301977,587.9261225631482
2019-10-21 17:52:07,-0.0361689813435079,98.56409454345726,99.65639495849635,95.20037841796906,69.87163812931404,0.02544834302838177,20.447652785650305,19.3056835672517,19.376551265761094,0.08072511995936352,0.2761312878770992,0.27698526425517345,0.2878512233704127,0.13961732497391063,587.9987128553431
2019-10-21 17:52:08,-0.0361689813435079,98.56409454345726,99.65639495849635,95.20037841796906,69.87163812931404,0.02581413062875511,20.44477957167556,19.309251638559264,19.37700315622191,0.08071925190639961,0.2763725828318615,0.27718415140827857,0.28789320761785153,0.21515906494466905,588.1391731031032
2019-10-21 17:52:09,-0.0361689813435079,98.56379107495312,99.65639495849635,95.20037841796906,69.87163812931404,0.025683492404736635,20.445696841864674,19.303134166833196,19.381218552311616,0.08069972591452965,0.27649980929348095,0.27718921599688295,0.2878775249966937,0.25158097517257727,588.3376338220718
2019-10-21 17:52:10,-0.0361689813435079,98.56386694207914,99.65639495849635,95.20037841796906,69.87163812931404,0.026789563436643044,20.448084442209886,19.30855033447699,19.382344906146784,0.08066628776091261,0.27640083307152935,0.2769597255405574,0.2878022323121565,0.2488830556576353,588.5500917946005
2019-10-21 17:52:11,-0.0361689813435079,98.56454131653283,99.65639495849635,95.20037841796906,69.87163812931404,0.027094386075134973,20.452670793155484,19.31449912366896,19.384752740393225,0.08057993735536294,0.27607092761493307,0.27664685054814675,0.28768976189039885,0.207065306399843,588.7594339864256
2019-10-21 17:52:12,-0.0361689813435079,98.56504709737308,99.65639495849635,95.20037841796906,69.87163812931404,0.026284428217854344,20.46120949947479,19.31319738712629,19.389844938869587,0.08044016901360271,0.27604740364846164,0.2764323631644531,0.2875524214653433,0.12612772739920056,588.8762128781067
2019-10-21 17:52:13,-0.0361689813435079,98.56538428459992,99.65639495849635,95.20037841796906,69.87163812931404,0.02852269827381724,20.464588560980296,19.314222504764786,19.39332516988125,0.08036676947122987,0.27617327809889636,0.27634400323832276,0.28745302071660345,0.006070318655707847,588.9756131116621
2019-10-21 17:52:14,-0.0361689813435079,98.56555287821332,99.65639495849635,95.20037841796906,69.87163812931404,0.029080088486968872,20.467482008856273,19.30875249564792,19.39246185676208,0.08036348173321009,0.2755377513545385,0.27587169651940746,0.2873666070419043,-0.15310691983063507,588.9617020755952
2019-10-21 17:52:15,-0.0361689813435079,98.56555287821332,99.65639495849635,95.20037841796906,69.87163812931404,0.02849657069848282,20.47243257002402,19.3028912533136,19.391868328992647,0.08042661319454256,0.2754196337053001,0.27569118711776164,0.28729756235520676,-0.14629467202910632,588.8559790835807
2019-10-21 17:52:16,-0.0361689813435079,98.56538428459992,99.65639495849635,95.20037841796906,69.87163812931404,0.02849657061164621,20.471420874962494,19.300186455110904,19.39294747039161,0.0804303567378951,0.27556818577793185,0.27597025356370586,0.28724360222861006,-0.3344745420674978,588.7375227921509
2019-10-21 17:52:17,-0.0361689813435079,98.56504709737308,99.65639495849635,95.20037841796906,69.87163812931404,0.02734695314614237,20.47209533833685,19.30619608383363,19.390789187593683,0.08042150416296423,0.2759304647540166,0.2762978014412467,0.28719748323891914,-0.2928591487117311,588.713073019105
2019-10-21 17:52:18,-0.0361689813435079,98.56454131653283,99.65639495849635,95.20037841796906,69.87163812931404,0.028043690977709368,20.46770458176981,19.30520462267333,19.39030357396415,0.0804394113121335,0.2762935019873247,0.2763698846449115,0.28721324866746223,0.02455105824886602,588.7815295666263
2019-10-21 17:52:19,-0.0361689813435079,98.56386694207914,99.65639495849635,95.20037841796906,69.87163812931404,0.028688173593480096,20.465418150930752,19.30046988978537,19.390087745684355,0.0804552949947635,0.27623161437350363,0.27620531476183185,0.28720169273011986,0.7119809125652138,588.8111161096406
2019-10-21 17:52:20,-0.035865465322366265,98.56379107495312,99.65639495849635,95.20037841796906,69.87163812931404,0.029820372439521563,20.462079557227714,19.303781504953434,19.385771180088497,0.08043298573343924,0.2760916594719839,0.2763969514058752,0.2872042206478573,1.3969151913069031,588.6890355534781
2019-10-21 17:52:21,-0.036244860348793304,98.56409454345726,99.65639495849635,95.20037841796906,69.87163812931404,0.029541677398073195,20.458977025705686,19.304294097117946,19.384206425059997,0.08034784869575298,0.2762060672531046,0.27651978970129826,0.28723701501226184,1.852458876581533,588.4609784746519
2019-10-21 17:52:22,-0.036539945369347675,98.56409454345726,99.65639495849635,95.20037841796906,69.87163812931404,0.029262982226369916,20.4573987814097,19.304199672245538,19.383990596780205,0.08030338370021983,0.2760725183225742,0.27656649528961447,0.2873397050620801,2.0558145500259366,588.3195955858935
2019-10-21 17:52:23,-0.036750720384029364,98.56409454345726,99.65639495849635,95.20037841796906,69.87163812931404,0.031187720162607395,20.450721594003603,19.30672200520838,19.380753172583308,0.08028173286875942,0.27628270166737295,0.2768566914093809,0.287450658552575,2.0008444455832226,588.1705302347408
2019-10-21 17:52:24,-0.03687718539283838,98.56409454345726,99.65639495849635,95.20037841796906,69.87163812931404,0.03191929461655927,20.447511148341682,19.307578613708106,19.37643660698745,0.08024794104702287,0.2761750394230964,0.27685922203642016,0.28752148074981554,1.687548563253391,587.9756131116621
2019-10-21 17:52:25,-0.036919340395774713,98.56409454345726,99.65639495849635,95.20037841796906,69.87163812931404,0.03199767742939911,20.447173916654506,19.31509249138114,19.375950993357915,0.08030414220058577,0.2758728769414638,0.2768394109947148,0.28757038316526684,1.1159269030364416,587.6699866092582
2019-10-21 17:52:26,-0.03687718539283838,98.56409454345726,99.65639495849635,95.20037841796906,69.87163812931404,0.03244184742579658,20.44400393879505,19.32395520688218,19.37789344787605,0.08032513521003853,0.27567019871064913,0.2766773711134509,0.28750967923855797,0.3105305303452604,587.3981728720514
2019-10-21 17:52:27,-0.036750720384029364,98.56409454345726,99.65639495849635,95.20037841796906,69.87163812931404,0.030813222646817552,20.446566899617586,19.329458845801042,19.37789344787605,0.08033277351400533,0.27538194252060927,0.27648691815652005,0.2874268899847586,-0.14029180778663775,587.1836038513911
2019-10-21 17:52:28,-0.036539945369347675,98.56409454345726,99.65639495849635,95.20037841796906,69.87163812931404,0.030421307714252298,20.44721438445697,19.33173207636483,19.37789344787605,0.08034354804348577,0.2751430069511039,0.2758567834094974,0.28732504433407474,-0.5122674357206829,587.0192875361956
2019-10-21 17:52:29,-0.036244860348793304,98.56409454345726,99.65639495849635,95.20037841796906,69.87163812931404,0.030952570682048618,20.447585339312873,19.332001857268544,19.37789344787605,0.08035948278603874,0.2752611230720182,0.2755246002635209,0.28721383755857394,-0.39645924456504544,586.8223396070091
2019-10-21 17:52:30,-0.035865465322366265,98.56409454345726,99.65639495849635,95.20037841796906,69.87163812931404,0.03122255678499227,20.44792257100005,19.338308312120464,19.37789344787605,0.08036621074715436,0.2752408887539719,0.27575847096654454,0.287154316763223,-0.07277637795655903,586.5287741636635
2019-10-21 17:52:31,-0.0361689813435079,98.56409454345726,99.65639495849635,95.20037841796906,69.87163812931404,0.030525819300771695,20.447612317847845,19.333951323182493,19.37789344787605,0.08038421959935389,0.27521542881752314,0.2757392454814253,0.28711097967096794,0.5921258451569072,586.249201421139
2019-10-21 17:52:32,-0.0361689813435079,98.56409454345726,99.65639495849635,95.20037841796906,69.87163812931404,0.029341365212882962,20.447814656860153,19.33115891143164,19.37789344787605,0.08040258277963112,0.27558698513846935,0.27592025568713213,0.2871949512919634,1.2124449549750889,586.1563756271415
2019-10-21 17:52:33,-0.0361689813435079,98.56409454345726,99.65639495849635,95.20037841796906,69.87163812931404,0.030900315917802686,20.447915826366305,19.327442307016558,19.37789344787605,0.08040136902968664,0.276088711890308,0.27625344495673376,0.28731661138834735,1.627587297523187,586.1879044824009
2019-10-21 17:52:34,-0.0361689813435079,98.56409454345726,99.65639495849635,95.20037841796906,69.87163812931404,0.030334216635891434,20.44754487151041,19.32556046972746,19.37789344787605,0.08042686495122395,0.2765636308626701,0.27666580558934767,0.2875283961390568,1.8154299346196128,586.2607524311644
2019-10-21 17:52:35,-0.0361689813435079,98.56409454345726,99.65639495849635,95.20037841796906,69.87163812931404,0.030168741377014197,20.447072747148358,19.327051060460988,19.37789344787605,0.08049566237937619,0.2766299830588988,0.27707749278673277,0.2877959113715698,1.7759728662643666,586.3139494782579
2019-10-21 17:52:36,-0.0361689813435079,98.56409454345726,99.65639495849635,95.20037841796906,69.87163812931404,0.029698443262553526,20.44687040813605,19.32495325706504,19.37789344787605,0.08055874307603013,0.2765282212576392,0.27760004941678057,0.28805752491061865,1.5092160924574483,586.5392241222339
2019-10-21 17:52:37,-0.0361689813435079,98.56409454345726,99.65639495849635,95.20037841796906,69.87163812931404,0.027590811365481662,20.446937854473486,19.32262604720113,19.37789344787605,0.08053688970687528,0.2765916203146497,0.27758833349167955,0.28820397463434044,1.0151596131988578,586.8798351510163
2019-10-21 17:52:38,-0.0361689813435079,98.56409454345726,99.65639495849635,95.20037841796906,69.87163812931404,0.027468882409946986,20.447275086160666,19.324251508379355,19.37789344787605,0.08049849438153248,0.276764709146429,0.27758091375544414,0.2882588618285182,0.29380342848859536,587.2741505727365
2019-10-21 17:52:39,-0.0361689813435079,98.56409454345726,99.65639495849635,95.20037841796906,69.87163812931404,0.028000145117233498,20.44921095610229,19.32692218327027,19.37789344787605,0.08050238942002383,0.27716265511123794,0.2774385129794102,0.2882511902661321,-0.16383114551348218,587.6707433598323
2019-10-21 17:52:40,-0.0361689813435079,98.56409454345726,99.65639495849635,95.20037841796906,69.87163812931404,0.029106216149139892,20.449406510466552,19.329458165557845,19.37789344787605,0.08046869914501163,0.27703559898830027,0.27770316309028625,0.2882124905958606,-0.3323162164547793,588.0204553137312
2019-10-21 17:52:41,-0.0361689813435079,98.56409454345726,99.65639495849635,95.20037841796906,69.87163812931404,0.028583662818882943,20.444813059204463,19.32530351118613,19.37789344787605,0.08044320402237107,0.2767988580229128,0.277205652151353,0.2880943714182979,-0.1620775037998716,588.2915107353601
2019-10-21 17:52:42,-0.0361689813435079,98.56409454345726,99.65639495849635,95.20037841796906,69.87163812931404,0.028017563298171032,20.44198679090387,19.329370881016207,19.37789344787605,0.08044674431596903,0.2772119811503766,0.27712176243464237,0.2880305465840523,-0.09651806163829549,588.5029607030357
2019-10-21 17:52:43,-0.0361689813435079,98.56409454345726,99.65639495849635,95.20037841796906,69.87163812931404,0.028679464207766868,20.441838391177377,19.329431849481942,19.37983590239419,0.08043688044195153,0.27689531098156894,0.27682296622605396,0.28798855997465767,-0.08680555224418664,588.6607004445765
2019-10-21 17:52:44,-0.0361689813435079,98.56409454345726,99.65639495849635,95.20037841796906,69.87163812931404,0.028278839989350477,20.44023978404517,19.322788563085922,19.37740783424652,0.08044042163865016,0.27698189506441917,0.27672567477315263,0.2879970728100602,-0.08680555224418664,588.6926544118331
2019-10-21 17:52:45,-0.0361689813435079,98.56409454345726,99.65639495849635,95.20037841796906,69.87163812931404,0.02877526546205405,20.437116822996394,19.31987497022939,19.37551933679833,0.08048306593111368,0.27699403398798417,0.2767921104714596,0.28804327432925947,-0.08680555224418664,588.6735168314772
2019-10-21 17:52:46,-0.035865465322366265,98.56409454345726,99.65639495849635,95.20037841796906,69.87163812931404,0.027817251030486028,20.43246939243419,19.319396101233604,19.374170410049622,0.08052404058146331,0.27686326938631456,0.2767783659738269,0.28803914160161653,-0.08680555224418664,588.6412248233551
2019-10-21 17:52:47,-0.036244860348793304,98.56409454345726,99.65639495849635,95.20037841796906,69.87163812931404,0.02619733578050061,20.43017606135019,19.315207594758185,19.375303508518538,0.0805164017564769,0.2768824056728746,0.2765283838157617,0.28798257123618215,-0.08680555224418664,588.6378539469983
2019-10-21 17:52:48,-0.036539945369347675,98.56409454345726,99.65639495849635,95.20037841796906,69.87163812931404,0.026519577103582374,20.43085059141505,19.31127529544434,19.372605655021122,0.0805371927145202,0.2769327413785717,0.276511688471397,0.2879052588711816,-0.08680555224418664,588.6352381139382
2019-10-21 17:52:49,-0.036750720384029364,98.56409454345726,99.65639495849635,95.20037841796906,69.87163812931404,0.02674601684239786,20.436678404018927,19.31286001761204,19.370986942922677,0.08052743057826758,0.27703239784374206,0.2762525198342924,0.2878009676238603,-0.08680555224418664,588.6408069672854
2019-10-21 17:52:50,-0.03687718539283838,98.56409454345726,99.65639495849635,95.20037841796906,69.87163812931404,0.027277279306541884,20.43588918850422,19.30992574625087,19.370447372223193,0.08053861087782976,0.2767850310652417,0.27652037206229707,0.2876860548705218,-0.08680555224418664,588.6473000266349
2019-10-21 17:52:51,-0.036919340395774713,98.56409454345726,99.65639495849635,95.20037841796906,69.87163812931404,0.026928910477594988,20.434007320092878,19.30915681798981,19.36904448840454,0.08051741553909038,0.276204386999558,0.2766368061929325,0.287578478490279,-0.08680555224418664,588.7178721750269
2019-10-21 17:52:52,-0.03687718539283838,98.56409454345726,99.65639495849635,95.20037841796906,69.87163812931404,0.02570091035555719,20.436806565398157,19.311031986227743,19.37114881413252,0.08051200223205271,0.27605701187551807,0.27682178108008687,0.2874622983393422,-0.08680555224418664,588.7609561662309
2019-10-21 17:52:53,-0.03644720436288773,98.56409454345726,99.65639495849635,95.20037841796906,69.87163812931404,0.025883803990754305,20.441487741359254,19.305960021652595,19.378163233225795,0.08045337298811198,0.27554263268317464,0.2768824016436561,0.2873137446689169,-0.2519182152264607,588.887257680472
2019-10-21 17:52:54,-0.03661582437463308,98.56409454345726,99.65639495849635,95.20037841796906,69.87163812931404,0.026458612558516677,20.444172278984517,19.296187047358213,19.380267558953776,0.08039236548063661,0.27546135785974346,0.27681959363130515,0.287121432713974,-0.2640588591982445,589.0177703359482
2019-10-21 17:52:55,-0.03661582437463308,98.56409454345726,99.65639495849635,95.20037841796906,69.87163812931404,0.027033421126279066,20.44680290844621,19.290386662338758,19.38377476850041,0.08036950067345658,0.27581933779872186,0.2766050252464276,0.28702160778579255,-0.07318105258586041,589.236051830658
2019-10-21 17:52:56,-0.03644720436288773,98.56409454345726,99.65639495849635,95.20037841796906,69.87163812931404,0.026423775675621992,20.44508289346058,19.289631263359485,19.386742407347565,0.08031835752628366,0.27563857900235006,0.27643665525463157,0.2870108963170538,0.365635528083726,589.5025549401787
2019-10-21 17:52:57,-0.03687718539283838,98.56409454345726,99.65639495849635,95.20037841796906,69.87163812931404,0.025108683346347457,20.4417373105919,19.285105614117576,19.389170475495238,0.08028562768147564,0.27550646412622753,0.27614991676001643,0.28705363972481673,0.9624827304781206,589.6724344177974
2019-10-21 17:52:58,-0.036919340395774713,98.56409454345726,99.65639495849635,95.20037841796906,69.87163812931404,0.025692201134833503,20.44076597218198,19.285051657047628,19.386148879578133,0.08026868129248964,0.2758288683591197,0.27585618173603765,0.2870657800377674,1.5220311953749184,589.6899668731351
2019-10-21 17:52:59,-0.03687718539283838,98.56409454345726,99.65639495849635,95.20037841796906,69.87163812931404,0.025657364251938805,20.44137975608281,19.289712198964427,19.383990596780205,0.08021379618239036,0.2758311471600085,0.2756400110421487,0.2871066711860387,1.8982560439925433,589.6197302046929
2019-10-21 17:53:00,-0.036750720384029364,98.56409454345726,99.65639495849635,95.20037841796906,69.87163812931404,0.02571832879700451,20.439821656767368,19.287479725195325,19.380753172583308,0.0802565928383587,0.27571083942215574,0.2756703618245254,0.28713550656547693,2.0210113711438114,589.3711776911257
2019-10-21 17:53:01,-0.036539945369347675,98.56409454345726,99.65639495849635,95.20037841796906,69.87163812931404,0.02494320815259767,20.43906621777378,19.291695121285034,19.37643660698745,0.08028770422254711,0.27560410292554377,0.27570451229880266,0.287144441565712,1.8780216443198325,589.0819915558092
2019-10-21 17:53:02,-0.036244860348793304,98.56409454345726,99.65639495849635,95.20037841796906,69.87163812931404,0.02247849853149249,20.43552501829637,19.295897028107248,19.375950993357915,0.08028133050267257,0.2758285344897458,0.2756608424486821,0.2870884603692663,1.4692868635206073,588.7515790890441
2019-10-21 17:53:03,-0.035865465322366265,98.56409454345726,99.65639495849635,95.20037841796906,69.87163812931404,0.023279747033452702,20.434479511145437,19.30144111704444,19.37789344787605,0.08034142660789025,0.2758969096314942,0.2755616124554398,0.28703964583245806,0.7948070287461352,588.3944497275202
2019-10-21 17:53:04,-0.0361689813435079,98.56409454345726,99.65639495849635,95.20037841796906,69.87163812931404,0.023410385496271842,20.435929696320983,19.303828717389642,19.37789344787605,0.08037562267138432,0.2760716016753855,0.275590702161923,0.2869964794957006,0.2719502603127203,588.0680078181925
2019-10-21 17:53:05,-0.0361689813435079,98.56409454345726,99.65639495849635,95.20037841796906,69.87163812931404,0.02397648495185631,20.439261812152345,19.30388267445958,19.37789344787605,0.08042216221074704,0.2761596207157444,0.2757901757052458,0.2870234603926306,-0.0835005960368617,587.7891144296799
2019-10-21 17:53:06,-0.0361689813435079,98.56409454345726,99.65639495849635,95.20037841796906,69.87163812931404,0.024185506314351905,20.441683335737814,19.304584116368915,19.37789344787605,0.08040819937115805,0.27584151683987496,0.27608998067729196,0.2870925962924968,-0.20288352945728427,587.458624281807
2019-10-21 17:53:07,-0.0361689813435079,98.56409454345726,99.65639495849635,95.20037841796906,69.87163812931404,0.02395035737652191,20.440772699031584,19.30784177446705,19.37789344787605,0.080372029511662,0.27554187678790654,0.27635091946119555,0.287139897718853,-0.17192490626395748,587.1161590078231
2019-10-21 17:53:08,-0.0361689813435079,98.56409454345726,99.65639495849635,95.20037841796906,69.87163812931404,0.02641506681961205,20.441440399988064,19.306749143800598,19.37789344787605,0.08036165988389726,0.2758094762866598,0.27670029472637914,0.28709226568817914,-0.11958527295374821,586.8121396222607
2019-10-21 17:53:09,-0.0361689813435079,98.56409454345726,99.65639495849635,95.20037841796906,69.87163812931404,0.02725115194395715,20.44088055537304,19.306182594566142,19.37983590239419,0.08029220505055312,0.27530715737865324,0.2768157979686228,0.2871279294118468,-0.09166180686308811,586.6137588607696
2019-10-21 17:53:10,-0.0361689813435079,98.56409454345726,99.65639495849635,95.20037841796906,69.87163812931404,0.027172768848898347,20.440421902494343,19.300894801711202,19.379350288764655,0.08026620429573657,0.27518010118624636,0.27668730813862347,0.2870746418868475,-0.3029088967746793,586.5808772729565
2019-10-21 17:53:11,-0.0361689813435079,98.56409454345726,99.65639495849635,95.20037841796906,69.87163812931404,0.02516093870976598,20.43648268070538,19.297940652131526,19.375033723168794,0.0802631190433093,0.2752041274851027,0.27642375564241795,0.28700322753343904,-0.3435800192239412,586.7070851715033
2019-10-21 17:53:12,-0.0361689813435079,98.56409454345726,99.65639495849635,95.20037841796906,69.87163812931404,0.02240011554497947,20.429359813948096,19.296045410049587,19.373738753490034,0.080228062342236,0.2751486507745898,0.27613465415014293,0.2870015404719024,-0.07277636678068863,586.9127962694874
2019-10-21 17:53:13,-0.0361689813435079,98.56409454345726,99.65639495849635,95.20037841796906,69.87163812931404,0.02267881076444287,20.42536668399556,19.290757617194657,19.371094857062573,0.08030419374679372,0.2751752074226086,0.27571192251774573,0.2870619061526726,0.461411661687709,587.0788015085517
2019-10-21 17:53:14,-0.0361689813435079,98.56439801196142,99.65639495849635,95.20037841796906,69.87163812931404,0.02237398803911433,20.423100291432227,19.28603637357418,19.365699150067748,0.08034127271606115,0.2751440152282768,0.2755963370933404,0.28712134580790105,1.180069929166831,587.3132671365111
2019-10-21 17:53:15,-0.0361689813435079,98.56401867633123,99.65639495849635,95.20037841796906,69.87163812931404,0.022112711417404153,20.422311129269925,19.27940639860428,19.364404180388988,0.0803894803692135,0.2753735918959823,0.27580424420761396,0.2870322319316428,2.008533502931088,587.4334032463323
2019-10-21 17:53:16,-0.0361689813435079,98.56372363750775,99.65639495849635,95.20037841796906,69.87163812931404,0.02268751998516653,20.424395381153907,19.27644550439087,19.36283942536049,0.08039519605867254,0.2757658880629469,0.27596123339413,0.2870211010768428,2.938034165850337,587.3931904683876
2019-10-21 17:53:17,-0.0361689813435079,98.56351289549097,99.65639495849635,95.20037841796906,69.87163812931404,0.02276590297167958,20.42443584895637,19.28300803302334,19.36154445568173,0.0803834601437853,0.2761316288323398,0.2763653329480229,0.2870250642994355,3.5767665656505017,587.3501877151186
2019-10-21 17:53:18,-0.0361689813435079,98.5633864502809,99.65639495849635,95.20037841796906,69.87163812931404,0.024951917373321343,20.424442593590115,19.287115514973152,19.361058842052195,0.08040794438415495,0.2765286438392877,0.27634737208173066,0.2871094586410176,3.7223867581493053,587.3007835263711
2019-10-21 17:53:19,-0.0361689813435079,98.56334430187755,99.65639495849635,95.20037841796906,69.87163812931404,0.026476030999964012,20.42362649290714,19.293098005103662,19.35997970065323,0.08034617882786396,0.27661877148079217,0.276587068270415,0.2872971347023011,3.3520973249835797,587.3146931397071
2019-10-21 17:53:20,-0.0361689813435079,98.5633864502809,99.65639495849635,95.20037841796906,69.87163812931404,0.02669376151805582,20.421690622965514,19.295950985177182,19.36024948600297,0.08037061212988188,0.27691984037697237,0.2767379832712372,0.2874247792995347,2.4597605000964347,587.4399754095205
2019-10-21 17:53:21,-0.0361689813435079,98.56381636399513,99.65639495849635,95.20037841796906,69.87163812931404,0.025918640873648993,20.423916552172418,19.29920189864157,19.356958104736126,0.08039661265892326,0.27689471424042816,0.27689007820783024,0.2875775512837595,1.5916375154955036,587.5018599361267
2019-10-21 17:53:22,-0.0361689813435079,98.5636477703817,99.65639495849635,95.20037841796906,69.87163812931404,0.022983633489771393,20.425393782573444,19.29945819472382,19.3593861728838,0.08042180479128619,0.2764633864789581,0.27664119012150246,0.2878061173123366,0.831026600990751,587.4683943172728
2019-10-21 17:53:23,-0.035865465322366265,98.5636477703817,99.65639495849635,95.20037841796906,69.87163812931404,0.02278332141312693,20.42715424313137,19.29475718500458,19.36068114256256,0.08047982696053052,0.2761299392004396,0.27660780380933786,0.287941100019398,0.054700316049350266,587.3804598721605
2019-10-21 17:53:24,-0.036244860348793304,98.56381636399513,99.65639495849635,95.20037841796906,69.87163812931404,0.022487207908522065,20.428408811698183,19.295526073251345,19.36224589759106,0.08046100915589832,0.27589193403304096,0.27655148756254044,0.28791024273647936,-0.4101511851769382,587.3775129696164
2019-10-21 17:53:25,-0.036539945369347675,98.5633864502809,99.65639495849635,95.20037841796906,69.87163812931404,0.021703378043391546,20.42861117294066,19.29219438423926,19.37039341515324,0.08047213848237411,0.2757639514677458,0.2764711414044839,0.28773850056675027,-0.31997323914112014,587.4818944686513
2019-10-21 17:53:26,-0.036750720384029364,98.5636477703817,99.65639495849635,95.20037841796906,69.87163812931404,0.022164966741746183,20.42861789534424,19.28515953117321,19.371958170181745,0.08042605546040432,0.27552948701076074,0.2763103674619632,0.2876375742030877,0.23815882510759612,587.5923434882188
2019-10-21 17:53:27,-0.03687718539283838,98.56331058315487,99.65639495849635,95.20037841796906,69.87163812931404,0.02081503752957695,20.42763985676091,19.282286161587276,19.37519559437864,0.08042109821920926,0.27540032534332604,0.2761323076861727,0.2875114452172004,0.9815704962955094,587.7736915997428
2019-10-21 17:53:28,-0.036919340395774713,98.56314198954146,99.65639495849635,95.20037841796906,69.87163812931404,0.021450810642405022,20.42567705719068,19.278799074791024,19.37519559437864,0.08042701695001508,0.2749420998396579,0.2755760292073236,0.2875157449489995,1.7616064303613248,588.0214798222627
2019-10-21 17:53:29,-0.03687718539283838,98.56314198954146,99.65639495849635,95.20037841796906,69.87163812931404,0.022748484530232205,20.423518618781543,19.27432057129481,19.371958170181745,0.08037471151226905,0.27558749254211173,0.276114433864892,0.28751405886003284,2.274211109761318,588.2051915166556
2019-10-21 17:53:30,-0.036750720384029364,98.56331058315487,99.65639495849635,95.20037841796906,69.87163812931404,0.021886271678588646,20.42092173471874,19.279284599499896,19.37039341515324,0.0803938326024233,0.2759453857834249,0.2763354100964294,0.2875454186837444,2.4701475059670077,588.2599066176354
2019-10-21 17:53:31,-0.036539945369347675,98.5636477703817,99.65639495849635,95.20037841796906,69.87163812931404,0.020057335326617447,20.422796902956676,19.28517943162192,19.364188352109196,0.08039676615130394,0.2763971163954217,0.27676977095626254,0.2875925499798266,2.3457059801527995,588.1834418023401
2019-10-21 17:53:32,-0.036244860348793304,98.5633864502809,99.65639495849635,95.20037841796906,69.87163812931404,0.0166346115822142,20.422830626125396,19.295525926532243,19.360195528933023,0.08042383028980199,0.27647552373526035,0.27683873304398265,0.2876782099822748,1.6872113159573332,587.9691305805216
2019-10-21 17:53:33,-0.035865465322366265,98.56351289549097,99.65639495849635,95.20037841796906,69.87163812931404,0.017052654176950482,20.423336473656164,19.295040223982024,19.357012061806078,0.08044593616243308,0.27675703348535535,0.2771518564585492,0.28764887095053515,0.9123014378033606,587.6129154658836
2019-10-21 17:53:34,-0.0361689813435079,98.56372363750775,99.65639495849635,95.20037841796906,69.87163812931404,0.016521391712806477,20.423943490693087,19.292018628064916,19.355177521427837,0.08045079270790251,0.27680475158847084,0.27706931416805064,0.28757358319831694,0.5123348995122732,587.2332701071731
2019-10-21 17:53:35,-0.035865465322366265,98.56432214483537,99.65639495849635,95.20037841796906,69.87163812931404,0.01779293793846265,20.424523529195028,19.28708164508531,19.357174093073155,0.08051013079903918,0.2765990341459961,0.2767406758311754,0.28754778265397385,0.6513451934902831,586.9140738818489
2019-10-21 17:53:36,-0.036244860348793304,98.56432214483537,99.65639495849635,95.20037841796906,69.87163812931404,0.019055774943395158,20.424287467014015,19.278974368577835,19.35231775670627,0.0805460974782499,0.27668401591983505,0.2766743269694721,0.2874565608712629,1.0050424231880641,586.5883837435367
2019-10-21 17:53:37,-0.036539945369347675,98.56402710601189,99.65639495849635,95.20037841796906,69.87163812931404,0.019203831695697587,20.42360625900592,19.27079310561675,19.352371558165018,0.08057882619418208,0.2764073130273049,0.27656632904962025,0.28738203366875453,1.6266430481955771,586.3324993284725
2019-10-21 17:53:38,-0.036750720384029364,98.56343702836494,99.65639495849635,95.20037841796906,69.87163812931404,0.021921108561483375,20.423269027318746,19.269201554340665,19.351022520265456,0.0805395709259529,0.2761655138644869,0.27642628974292177,0.28734763616170717,2.1113242641143506,586.2342732747411
2019-10-21 17:53:39,-0.03687718539283838,98.56301554433139,99.65639495849635,95.20037841796906,69.87163812931404,0.023271037773652595,20.423032965137722,19.262193746500113,19.350213097525717,0.08042271667982892,0.27608415706730194,0.2763868338995053,0.2873374342501588,2.1952970033568024,586.2800529142098
2019-10-21 17:53:40,-0.036919340395774713,98.56276265391126,99.65639495849635,95.20037841796906,69.87163812931404,0.022774612192403267,20.42289807246285,19.26597069693616,19.349943289945806,0.08032326360335183,0.2759092172959475,0.2759877111945126,0.2873279067464094,1.9744723004686304,586.2939605357224
2019-10-21 17:53:41,-0.03687718539283838,98.56267835710455,99.65639495849635,95.20037841796906,69.87163812931404,0.021677250381220536,20.423107156108898,19.27782106288391,19.350213097525717,0.08027095712356655,0.2761640033938675,0.2759728694295555,0.28731239647854256,1.4652400161367651,586.3697556715762
2019-10-21 17:53:42,-0.036750720384029364,98.56276265391126,99.65639495849635,95.20037841796906,69.87163812931404,0.01974380338056526,20.422871093927874,19.292457051488412,19.351022520265456,0.08022451836676608,0.27618111673490775,0.27608062003875994,0.28728525156463575,0.670028277592505,586.4962165316796
2019-10-21 17:53:43,-0.036539945369347675,98.56301554433139,99.65639495849635,95.20037841796906,69.87163812931404,0.020283775065432955,20.42280364759043,19.28866638503714,19.352371558165018,0.08020119789319183,0.27616720759507446,0.2759211871312776,0.28726155996878466,0.12896054841595347,586.7289950853199
2019-10-21 17:53:44,-0.036244860348793304,98.56343702836494,99.65639495849635,95.20037841796906,69.87163812931404,0.019047065722671473,20.423518578767244,19.29526940370223,19.354260211224407,0.08022229213675719,0.27613011155373074,0.2759058419224272,0.287276060570093,-0.15270223244503764,587.0170040530775
2019-10-21 17:53:45,-0.035865465322366265,98.56402710601189,99.65639495849635,95.20037841796906,69.87163812931404,0.020597307011485173,20.423370196824873,19.30023352082798,19.35668847944362,0.0803023709596456,0.2760838254904141,0.27599015324821635,0.28733532974770093,-0.18575174865988076,587.3561809690976
2019-10-21 17:53:46,-0.0361689813435079,98.56401867633123,99.65639495849635,95.20037841796906,69.87163812931404,0.019665420394052228,20.423565791203444,19.302520062817894,19.35474586486825,0.0803833598127734,0.2762658466825957,0.2760036416126028,0.28739072170568886,-0.18703325711069171,587.7151748194856
2019-10-21 17:53:47,-0.0361689813435079,98.56439801196142,99.65639495849635,95.20037841796906,69.87163812931404,0.020501505583524773,20.423424153894832,19.299201858627267,19.35474586486825,0.08039524750067659,0.2763819386770124,0.27630918169077284,0.287383466820062,-0.10076728444937252,588.100387324266
2019-10-21 17:53:48,-0.0361689813435079,98.56409454345726,99.65639495849635,95.20037841796906,69.87163812931404,0.021773051809180953,20.42410536190293,19.294211029728583,19.35474586486825,0.08037126965664505,0.2766413591402676,0.2763175268967957,0.28737646910972064,-0.08923367947548444,588.4372093360757
2019-10-21 17:53:49,-0.0361689813435079,98.56439801196142,99.65639495849635,95.20037841796906,69.87163812931404,0.021668541160496876,20.424206531409084,19.283298052274322,19.35474586486825,0.08031253930016297,0.2762206560109328,0.2763853981778348,0.2873382762178683,-0.08680555224418664,588.7919046895504
2019-10-21 17:53:50,-0.0361689813435079,98.56401867633123,99.65639495849635,95.20037841796906,69.87163812931404,0.022060456093062127,20.424584230898727,19.283223861303153,19.35474586486825,0.08028107504675182,0.2762633181396347,0.2761802717105502,0.2872618906425717,-0.08680555224418664,588.8396314785493
2019-10-21 17:53:51,-0.0361689813435079,98.56372363750775,99.65639495849635,95.20037841796906,69.87163812931404,0.021529193628918107,20.424206531409084,19.284936998274027,19.35474586486825,0.08032488324494927,0.2763095197977725,0.2761290112992275,0.28711771971973876,-0.08680555224418664,588.6684839208659
2019-10-21 17:53:52,-0.0361689813435079,98.56381636399513,99.65639495849635,95.20037841796906,69.87163812931404,0.02046666870063006,20.42216274732756,19.28228635721281,19.35474586486825,0.08032523734725183,0.27635723970708936,0.27611678963774644,0.28698324872341563,-0.1110868264328353,588.4567798534489
2019-10-21 17:53:53,-0.0361689813435079,98.56331058315487,99.65639495849635,95.20037841796906,69.87163812931404,0.021389846097339342,20.424152614353442,19.282522419393832,19.354988671683017,0.08032346669680054,0.27620034145586486,0.2759293706128098,0.28687735523655233,-0.29441045005838423,588.296259953427
2019-10-21 17:53:54,-0.0361689813435079,98.56297339592804,99.65639495849635,95.20037841796906,69.87163812931404,0.021067604930563456,20.425879396202983,19.293469120016805,19.354685163164557,0.08032377045124026,0.27593645432612346,0.27609149941475575,0.2867812400375499,-0.2586630104860788,588.2018338716963
2019-10-21 17:53:55,-0.0361689813435079,98.56280480231462,99.65639495849635,95.20037841796906,69.87163812931404,0.02295750582760037,20.426311163913418,19.28986728552622,19.354449100983533,0.0803198248391109,0.27583629379183616,0.27575737835366176,0.286777024363583,0.18993353211518488,588.1734984782487
2019-10-21 17:53:56,-0.0361689813435079,98.56310827081876,99.65639495849635,95.20037841796906,69.87163812931404,0.022330441935495958,20.427707369788852,19.288390055125184,19.354280485139945,0.08030424385151405,0.27552290986745864,0.27551928433505024,0.28684228227966674,0.6612600390310901,588.1664121401076
2019-10-21 17:53:57,-0.0361689813435079,98.562897528802,99.65639495849635,95.20037841796906,69.87163812931404,0.02280944907529794,20.42763320104784,19.288059456920895,19.354179315633786,0.0802624598145487,0.27574734122325295,0.27542468738722686,0.2868174084555583,1.0822703489612615,588.1657295138147
2019-10-21 17:53:58,-0.0361689813435079,98.56293967720535,99.65639495849635,95.20037841796906,69.87163812931404,0.022661392322995515,20.427977155138592,19.281651988174026,19.35414559246507,0.08021288521431563,0.2758303047754834,0.2753742689436137,0.2868796320923011,1.341607842273093,588.0406932341764
2019-10-21 17:53:59,-0.0361689813435079,98.56353818453299,99.65639495849635,95.20037841796906,69.87163812931404,0.023445222188126037,20.427093541427677,19.29058860565404,19.35612193020916,0.08020959778890766,0.2753769719934138,0.27600280089534013,0.2869636051026822,1.420859220005697,587.9164220992242
2019-10-21 17:54:00,-0.0361689813435079,98.56293967720535,99.65639495849635,95.20037841796906,69.87163812931404,0.024054867638783103,20.42601428887786,19.296766712393293,19.353794831496103,0.08027288142270442,0.2755912006734977,0.27604453269140483,0.28710001665395546,1.2593212954370046,587.6741146630079
2019-10-21 17:54:01,-0.0361689813435079,98.56320099730615,99.65639495849635,95.20037841796906,69.87163812931404,0.023697789589112533,20.424125635818466,19.297104010770976,19.354017408855672,0.08032943659173324,0.27570746078357916,0.27628253709464157,0.28716341953177627,0.835747952714113,587.4751407649983
2019-10-21 17:54:02,-0.0361689813435079,98.56303240369273,99.65639495849635,95.20037841796906,69.87163812931404,0.02307943491773179,20.422041343920178,19.289995277956137,19.35241877949329,0.08035968660891493,0.27612723872100353,0.2764391860900789,0.2872426731464198,0.42768765475366627,587.3882138979201
2019-10-21 17:54:03,-0.0361689813435079,98.56243389636509,99.65639495849635,95.20037841796906,69.87163812931404,0.02338425764306032,20.423882788989395,19.289678435781386,19.349538558568785,0.08038492881126359,0.2759682307571249,0.2768885611376293,0.2872652678917625,0.16511265999509533,587.3395727197623
2019-10-21 17:54:04,-0.0361689813435079,98.56239174796175,99.65639495849635,95.20037841796906,69.87163812931404,0.024133250625296136,20.423336473656164,19.289746082190348,19.345302599571312,0.08043647689488684,0.27615716747748614,0.276718592032409,0.2872825482369589,0.6835853409517082,587.4915048737087
2019-10-21 17:54:05,-0.0361689813435079,98.56290595848267,99.65639495849635,95.20037841796906,69.87163812931404,0.024620966985821797,20.42289132782909,19.285017933878894,19.339097025233322,0.08043384611050866,0.27626078445594704,0.2764892681634241,0.28730910634383267,1.3915868377213192,587.6038084230239
2019-10-21 17:54:06,-0.0361689813435079,98.56299025528938,99.65639495849635,95.20037841796906,69.87163812931404,0.023514895953915406,20.423093666841396,19.28559797238083,19.335589526694456,0.08043860102241712,0.2759930152437356,0.27659810950984015,0.28731458885964345,1.8083479324559837,587.6274150857296
2019-10-21 17:54:07,-0.0361689813435079,98.56264463838187,99.65639495849635,95.20037841796906,69.87163812931404,0.0228529951789163,20.423086922207652,19.282684290603626,19.33672271853009,0.0804003576784981,0.27595743821773294,0.27617065639762683,0.28723938426215717,1.997674422803186,587.6433431274145
2019-10-21 17:54:08,-0.0361689813435079,98.56285538039864,99.65639495849635,95.20037841796906,69.87163812931404,0.023654243485494164,20.423660216075856,19.279743630291453,19.336425910185035,0.08035518413101345,0.27610818621439887,0.2759542332523637,0.28721274536250735,1.8990654666107067,587.5819670848374
2019-10-21 17:54:09,-0.0361689813435079,98.56362248133969,99.65639495849635,95.20037841796906,69.87163812931404,0.02388068322430966,20.423956979960575,19.283035011558315,19.3388204774657,0.08029149653333631,0.27569346536289635,0.2759522951288384,0.2871807910206723,1.5422656245720732,587.4739670119936
2019-10-21 17:54:10,-0.0361689813435079,98.56319256762548,99.65639495849635,95.20037841796906,69.87163812931404,0.023932938548651694,20.424766336009807,19.279338952266862,19.33960968408834,0.08031405739503608,0.2759330731171836,0.27608659981569816,0.28723711067146457,0.9345592786937904,587.4152809267572
2019-10-21 17:54:11,-0.0361689813435079,98.56331901283554,99.65639495849635,95.20037841796906,69.87163812931404,0.023105562579902823,20.425474522552882,19.275427064695606,19.345107027422916,0.08027753358954337,0.2758856886055651,0.27638016679348143,0.28727867588018857,0.22939059541219892,587.4799426241093
2019-10-21 17:54:12,-0.0361689813435079,98.56293124752469,99.65639495849635,95.20037841796906,69.87163812931404,0.021877562457865003,20.42546777791914,19.26976831698478,19.348459394939646,0.08027677444658654,0.2760523673676675,0.27651169159751454,0.28732706734906355,-0.21812678168425814,587.5430866943943
2019-10-21 17:54:13,-0.0361689813435079,98.56301554433139,99.65639495849635,95.20037841796906,69.87163812931404,0.022373988039114327,20.425292417441806,19.274408625000333,19.35106978605407,0.08028815658915034,0.2760158632740838,0.27681023813350014,0.28738186728982196,-0.3516737915974963,587.6219249094022
2019-10-21 17:54:14,-0.0361689813435079,98.56326843475152,99.65639495849635,95.20037841796906,69.87163812931404,0.02255688167431145,20.424880994783447,19.278280044769126,19.354341200181736,0.08034041226952246,0.2762095204322218,0.2766053659932604,0.28746027275398983,-0.13597513078809653,587.8671018516005
2019-10-21 17:54:15,-0.0361689813435079,98.56368991878506,99.65639495849635,95.20037841796906,69.87163812931404,0.022034328430891106,20.425022632092062,19.2864410515988,19.35142052479287,0.08040774233274547,0.27608086589055253,0.2765975243700697,0.2874934054338023,-0.09408993425069181,588.0369022253805
2019-10-21 17:54:16,-0.0361689813435079,98.56351289549097,99.65639495849635,95.20037841796906,69.87163812931404,0.021119860254905504,20.426870661737787,19.297205647110708,19.35158914063646,0.08047886661716297,0.27604292621423654,0.2765368178729973,0.28748750325405314,-0.08680555224418664,588.0969337872431
2019-10-21 17:54:17,-0.0361689813435079,98.56372363750775,99.65639495849635,95.20037841796906,69.87163812931404,0.020771491425958605,20.425879200577487,19.29286206296555,19.352904433137134,0.08050016294687246,0.27635141929268614,0.27617116352339244,0.2874875036013995,-0.08680555224418664,588.1992881792704
2019-10-21 17:54:18,-0.0361689813435079,98.56432214483537,99.65639495849635,95.20037841796906,69.87163812931404,0.021781761029904603,20.423201580981303,19.28612381817303,19.350455904340485,0.08047456719797552,0.276659490136834,0.2758401639255896,0.28745824980847,-0.08680555224418664,588.3479346784418
2019-10-21 17:54:19,-0.0361689813435079,98.56432214483537,99.65639495849635,95.20037841796906,69.87163812931404,0.02186014401641766,20.419620180463486,19.275972877626966,19.351885904521176,0.08045736801026884,0.27649104171421757,0.27569717286905837,0.2873886943836042,-0.08680555224418664,588.4186710099814
2019-10-21 17:54:20,-0.0361689813435079,98.56372363750775,99.65639495849635,95.20037841796906,69.87163812931404,0.022339151156219633,20.413185799872156,19.26442588681667,19.351670058457245,0.08050127726890569,0.27648741666809457,0.2757603207946108,0.2873921517308784,-0.08680555224418664,588.357632154631
2019-10-21 17:54:21,-0.0361689813435079,98.56351289549097,99.65639495849635,95.20037841796906,69.87163812931404,0.022426243363456354,20.410818433428176,19.26183585853847,19.348162559918382,0.08049879862225714,0.27648218625631166,0.27597986491688,0.2873886108815263,-0.08680555224418664,588.2745011336337
2019-10-21 17:54:22,-0.0361689813435079,98.5633864502809,99.65639495849635,95.20037841796906,69.87163812931404,0.021807888692075603,20.405901595429132,19.264702327879487,19.346273906858997,0.08043607202790576,0.2765990372026448,0.27588046444601744,0.2873118887275537,-0.08680555224418664,588.2002199257465
2019-10-21 17:54:23,-0.0361689813435079,98.56334430187755,99.65639495849635,95.20037841796906,69.87163812931404,0.022774612192403246,20.403412825577774,19.267831926857173,19.34794671385445,0.08035108688480669,0.2765105130511294,0.27623667958733156,0.28725160988338727,-0.08680555224418664,588.1320955858935
2019-10-21 17:54:24,-0.0361689813435079,98.5633864502809,99.65639495849635,95.20037841796906,69.87163812931404,0.022722356868061216,20.403547718252646,19.27709264688565,19.3468674835348,0.0803606981858787,0.27663748039232344,0.27634307832428967,0.2871820523049736,-0.08680555224418664,588.1913514748612
2019-10-21 17:54:25,-0.035865465322366265,98.56351289549097,99.65639495849635,95.20037841796906,69.87163812931404,0.022670101543719172,20.409105296457323,19.28072132653019,19.344978830475416,0.08034532018752666,0.2762666838569248,0.27598096906166314,0.28705946673880206,-0.08680555224418664,588.2872904886469
2019-10-21 17:54:26,-0.036244860348793304,98.56372363750775,99.65639495849635,95.20037841796906,69.87163812931404,0.02284428595819262,20.41431215370733,19.289327839315703,19.34228075467629,0.08032139269135795,0.27623801902457634,0.27614435998154185,0.28701334740176443,-0.08680555224418664,588.39419292459
2019-10-21 17:54:27,-0.036539945369347675,98.56401867633123,99.65639495849635,95.20037841796906,69.87163812931404,0.021511775031164866,20.415586889484857,19.281557750035066,19.341741139516465,0.08029503719164799,0.27602067152103416,0.27600179088143534,0.28699850841557883,-0.14750873896625533,588.4784225783998
2019-10-21 17:54:28,-0.036750720384029364,98.56439801196142,99.65639495849635,95.20037841796906,69.87163812931404,0.023001051970295214,20.415418273641265,19.271696713143086,19.34335998499594,0.0802389372027284,0.2756784599977782,0.27597953452097007,0.28696798791974376,-0.2197455313655885,588.5102076674971
2019-10-21 17:54:29,-0.03687718539283838,98.56409454345726,99.65639495849635,95.20037841796906,69.87163812931404,0.02360198835219266,20.411621044843663,19.2687560795071,19.347137291114716,0.0802663036020766,0.27574801882663885,0.2761330625394014,0.28702177374790955,0.007419283920790394,588.4377064382575
2019-10-21 17:54:30,-0.036919340395774713,98.56409454345726,99.65639495849635,95.20037841796906,69.87163812931404,0.024960626893631307,20.408194770901954,19.262078647569126,19.350105174493756,0.08030565947919482,0.2754517570659005,0.2760877037520738,0.287134156221555,0.21239371061116705,588.1898405346298
2019-10-21 17:54:31,-0.03687718539283838,98.56409454345726,99.65639495849635,95.20037841796906,69.87163812931404,0.02526544968408729,20.409139019626046,19.262806956862576,19.347353137178644,0.08033990618579617,0.2754891047249871,0.27617766223587437,0.2872594444207107,0.36010479743837825,588.036061818229
2019-10-21 17:54:32,-0.036750720384029364,98.56409454345726,99.65639495849635,95.20037841796906,69.87163812931404,0.023889392831456205,20.40760124313251,19.26104662968569,19.348162559918382,0.08033697263691553,0.275770027181764,0.2763526024935138,0.2873822847307429,0.44441477834553245,587.945006755128
2019-10-21 17:54:33,-0.036539945369347675,98.56439801196142,99.65639495849635,95.20037841796906,69.87163812931404,0.02499546384165345,20.409037850119887,19.26221360693451,19.350590828137598,0.08032225270371357,0.2759718664320484,0.2767167382445933,0.28747317326930355,0.4653236533326295,587.8208215531229
2019-10-21 17:54:34,-0.036244860348793304,98.56432214483537,99.65639495849635,95.20037841796906,69.87163812931404,0.024333563001526892,20.412841823551233,19.268243598493438,19.349727443881875,0.08036864093897803,0.2762460399479862,0.2768519679844249,0.28754196814445965,0.42283142239966953,587.795950793999
2019-10-21 17:54:35,-0.03556194930122463,98.5636477703817,99.65639495849635,95.20037841796906,69.87163812931404,0.024342272113704808,20.419316671945023,19.26641582053308,19.35382851909655,0.08039904347597045,0.2761140922844279,0.27660983001991385,0.28750150110616074,0.31693808554665254,587.9244430293029
2019-10-21 17:54:36,-0.036244860348793304,98.5634454580456,99.65639495849635,95.20037841796906,69.87163812931404,0.02431614429956974,20.42269573345053,19.27289768032266,19.349727443881875,0.08038761119395169,0.27627605040034575,0.2768356963332168,0.2875067273497868,0.14764364277357844,588.1483702048293
2019-10-21 17:54:37,-0.036539945369347675,98.56272893518857,99.65639495849635,95.20037841796906,69.87163812931404,0.021590158017677934,20.425171014034408,19.271103558840508,19.348648213562225,0.08041553544900931,0.2761603727902018,0.276743884408947,0.28749129690212627,-0.0850519059195527,588.278456183304
2019-10-21 17:54:38,-0.036750720384029364,98.56226530275168,99.65639495849635,95.20037841796906,69.87163812931404,0.022391406480561676,20.425960136182407,19.27413205500254,19.348648213562225,0.08039960082802759,0.2764302487278882,0.2769216105932407,0.2874697100866101,-0.2277043940964006,588.3667201328961
2019-10-21 17:54:39,-0.03687718539283838,98.56235802923905,99.65639495849635,95.20037841796906,69.87163812931404,0.022783321413126938,20.42452352919504,19.280701528340263,19.351670058457245,0.08043071057968784,0.276498034283832,0.27694058091768375,0.28744466800789836,-0.10319541199328214,588.4836576590744
2019-10-21 17:54:40,-0.036919340395774713,98.56202084201223,99.65639495849635,95.20037841796906,69.87163812931404,0.023392966863784004,20.425231715738114,19.280512678595453,19.351400250877333,0.08052904976831471,0.2761811122888735,0.27680568595032684,0.28746355288512326,-0.08923367947548444,588.517294005638
2019-10-21 17:54:41,-0.03687718539283838,98.56232431051637,99.65639495849635,95.20037841796906,69.87163812931404,0.023741335692730903,20.427470934140967,19.278961372820135,19.34978140539786,0.08052940373167872,0.27600304737235626,0.2766411938033747,0.2874790681547783,-0.08680555224418664,588.6390338177464
2019-10-21 17:54:42,-0.036750720384029364,98.56228216211302,99.65639495849635,95.20037841796906,69.87163812931404,0.022722356868061233,20.427046022215126,19.27308660120403,19.34681352201882,0.08047335353486768,0.27602404064231884,0.2765685177488493,0.2875206336413795,-0.08680555224418664,588.7808415339559
2019-10-21 17:54:43,-0.036539945369347675,98.5626614977432,99.65639495849635,95.20037841796906,69.87163812931404,0.02443807335062469,20.422486649804497,19.270152378749234,19.34546448411926,0.0804304062000246,0.2760087802554629,0.2765299890424831,0.2874923903486398,-0.08680555224418664,588.930575995458
2019-10-21 17:54:44,-0.036244860348793304,98.56299868497004,99.65639495849635,95.20037841796906,69.87163812931404,0.02509997412562379,20.41949203242237,19.26226062374521,19.34573429169917,0.08036282300810182,0.27606931460765216,0.27667719167429333,0.28750916593002623,-0.08680555224418664,589.0796390702412
2019-10-21 17:54:45,-0.035865465322366265,98.56252662285249,99.65639495849635,95.20037841796906,69.87163812931404,0.025108683346347457,20.419215502438885,19.258463199322108,19.349565559333932,0.08038922869936871,0.27593475614950186,0.2763998138182099,0.2874165100234379,-0.08680555224418664,589.2835852705252
2019-10-21 17:54:46,-0.0361689813435079,98.56299868497004,99.65639495849635,95.20037841796906,69.87163812931404,0.024237761273980207,20.41735398352567,19.254948867228833,19.34767690627454,0.08037506507618465,0.275857021689138,0.2764150776785301,0.2873952667335259,-0.08680555224418664,589.4683098070566
2019-10-21 17:54:47,-0.0361689813435079,98.56235802923906,99.65639495849635,95.20037841796906,69.87163812931404,0.021381136876615664,20.41427168590487,19.251502203774685,19.346921445050786,0.08041128504040099,0.2759211810874503,0.27666716586737716,0.28740226298501237,-0.08680555224418664,589.5795175690213
2019-10-21 17:54:48,-0.0361689813435079,98.56235802923906,99.65639495849635,95.20037841796906,69.87163812931404,0.021659831939773173,20.411121941946632,19.255164606587925,19.345896176247116,0.08038229877368017,0.2760483221713209,0.2768115872964444,0.2873804285809717,-0.08680555224418664,589.498244634599
2019-10-21 17:54:49,-0.0361689813435079,98.56299868497004,99.65639495849635,95.20037841796906,69.87163812931404,0.021616285836154808,20.40868712916522,19.257424347884225,19.345140715023362,0.08042635923221136,0.2759789329169797,0.27678966605580013,0.2873817805921565,-0.08680555224418664,589.2567006357917
2019-10-21 17:54:50,-0.0361689813435079,98.56252662285249,99.65639495849635,95.20037841796906,69.87163812931404,0.02187756245786498,20.40696050292687,19.262213549136053,19.338341564009564,0.08049399292830284,0.27611559747538134,0.2768309779100492,0.2874524337706317,-0.08680555224418664,588.801854558204
2019-10-21 17:54:51,-0.0361689813435079,98.5626952164659,99.65639495849635,95.20037841796906,69.87163812931404,0.02338425764306031,20.406306273453747,19.266624868610833,19.33866533310546,0.08045701404690486,0.2760688088018026,0.2766459975348215,0.2875521764471821,-0.08680555224418664,588.2530883219988
2019-10-21 17:54:52,-0.0361689813435079,98.56273736486925,99.65639495849635,95.20037841796906,69.87163812931404,0.02197336388582538,20.403210486565467,19.2721017735266,19.332945412411313,0.08044937478773542,0.27602994337782205,0.2762009254146573,0.28759450227508526,-0.08680555224418664,587.6314690151987
2019-10-21 17:54:53,-0.0361689813435079,98.56295653656669,99.65639495849635,95.20037841796906,69.87163812931404,0.023480059071020708,20.39906928144694,19.275035840370194,19.33434841182686,0.08040819726971224,0.27633042498068433,0.27631271837196747,0.2876091723119747,-0.08680555224418664,587.0670113374598
2019-10-21 17:54:54,-0.0361689813435079,98.56313355986077,99.65639495849635,95.20037841796906,69.87163812931404,0.024054867638783086,20.398860197800897,19.275494471018717,19.33656083398214,0.08033439209619624,0.2765085749970734,0.2765250974323927,0.28761431248315916,-0.19121503100528653,586.509049137713
2019-10-21 17:54:55,-0.0361689813435079,98.56228216211302,99.65639495849635,95.20037841796906,69.87163812931404,0.02219980362464087,20.40063403647544,19.279291899887866,19.340122294036988,0.08038158907548554,0.27630960538392924,0.2765913668907055,0.2875307612902644,-0.281662783422671,586.0486231094768
2019-10-21 17:54:56,-0.0361689813435079,98.5624591854071,99.65639495849635,95.20037841796906,69.87163812931404,0.022077874534509455,20.400020274804774,19.280053883443657,19.340661909196815,0.08040738847358542,0.27618288451975126,0.2766739909465501,0.2875531031674171,0.0669084050994378,585.7269769415171
2019-10-21 17:54:57,-0.0361689813435079,98.56160778765936,99.65639495849635,95.20037841796906,69.87163812931404,0.020144427533854196,20.399507682640262,19.28182097748446,19.340122294036988,0.0804149764296894,0.27598509421715456,0.2769344263560293,0.2876400216753955,0.3858024771640085,585.5788458977563
2019-10-21 17:54:58,-0.0361689813435079,98.5614813424493,99.65639495849635,95.20037841796906,69.87163812931404,0.02112856947562918,20.399642575315134,19.279116379353304,19.338503448557514,0.08038229747113113,0.2762105378793399,0.2769740517739655,0.2877304840199052,0.6171490644389188,585.4974858922019
2019-10-21 17:54:59,-0.0361689813435079,98.56177638127276,99.65639495849635,95.20037841796906,69.87163812931404,0.021180824799971222,20.40042495282939,19.278030493320607,19.335805372758387,0.08040495996639188,0.2763350629584224,0.27690146116665815,0.2878679064187145,0.7486726344152786,585.3792891068907
2019-10-21 17:55:00,-0.0361689813435079,98.56172580318875,99.65639495849635,95.20037841796906,69.87163812931404,0.02149435674602344,20.400451931364366,19.278968157468192,19.332028066639612,0.08040566855307801,0.2764251894884183,0.2769420146942146,0.28797430480832614,0.7803731870930881,585.1996313419669
2019-10-21 17:55:01,-0.0361689813435079,98.56231588083571,99.65639495849635,95.20037841796906,69.87163812931404,0.022156257521022543,20.39857017854992,19.275083048360383,19.332082028155597,0.08043829688589632,0.2764553720856609,0.27681369485555063,0.28805802779875783,0.7122507224723473,585.0235110551899
2019-10-21 17:55:02,-0.0361689813435079,98.56354661421365,99.65639495849635,95.20037841796906,69.87163812931404,0.02024893818253828,20.39993933919986,19.27477263959699,19.329653759936384,0.08048443141933942,0.2762896194185696,0.2766180954057305,0.2880517902213105,0.5443052405530563,584.9175298375144
2019-10-21 17:55:03,-0.0361689813435079,98.56366462974304,99.65639495849635,95.20037841796906,69.87163812931404,0.021746924147009926,20.40261695879605,19.27291100953293,19.331596374511754,0.08044472084942975,0.27617285204378395,0.2767529089550879,0.28803417017132027,0.27653674133521483,584.9984654424368
2019-10-21 17:55:04,-0.035865465322366265,98.56365620006238,99.65639495849635,95.20037841796906,69.87163812931404,0.02192110856148337,20.408248727971895,19.27187226924591,19.331596374511754,0.08044370927246601,0.2762285818308946,0.2768642000662982,0.28797313098585187,-0.091054775181177,585.2271064100304
2019-10-21 17:55:05,-0.036244860348793304,98.56343702836494,99.65639495849635,95.20037841796906,69.87163812931404,0.02108502337201082,20.40973929202921,19.272465774785175,19.329653759936384,0.0804740611142492,0.2762656756492212,0.27682743845008256,0.2878852836735605,-0.29454534879445,585.6657561188827
2019-10-21 17:55:06,-0.036539945369347675,98.56368991878506,99.65639495849635,95.20037841796906,69.87163812931404,0.022156257521022522,20.41394794348517,19.273180728192152,19.332082028155597,0.08043607088166262,0.2759418393070611,0.27653015722761676,0.28784093941564126,-0.11472901661548196,586.2940271195292
2019-10-21 17:55:07,-0.036750720384029364,98.56334430187755,99.65639495849635,95.20037841796906,69.87163812931404,0.02065827155655086,20.414568449789574,19.2726277349157,19.333970681214986,0.08041593734617856,0.27589403714611327,0.2763226689436502,0.2878036715767608,-0.09166180686308811,587.061416732683
2019-10-21 17:55:08,-0.03687718539283838,98.56368991878506,99.65639495849635,95.20037841796906,69.87163812931404,0.021320172331549963,20.417913788126366,19.273504648453216,19.335319719114544,0.08040308829023587,0.2763728352137663,0.27586849106775363,0.28783545551044476,-0.08680555224418664,587.8158310398928
2019-10-21 17:55:09,-0.036919340395774713,98.56374049686909,99.65639495849635,95.20037841796906,69.87163812931404,0.021224370903589567,20.416585095278897,19.27791579453269,19.336129141854283,0.0804020255317779,0.2761883643262598,0.2759093808266395,0.2878317444613492,-0.08680555224418664,588.3297084995099
2019-10-21 17:55:10,-0.03687718539283838,98.56358033293634,99.65639495849635,95.20037841796906,69.87163812931404,0.020910838957537363,20.4161062262831,19.280876888817637,19.336398949434198,0.08041877002566032,0.27618254682956667,0.27623186626912344,0.2878319994136177,-0.18878690283615362,588.6123216179996
2019-10-21 17:55:11,-0.03644720436288773,98.56329372379352,99.65639495849635,95.20037841796906,69.87163812931404,0.02077149142595859,20.41321277840713,19.279723396390274,19.336129141854283,0.0804812445507185,0.2764549527690689,0.27623001373175493,0.2878651345943245,-0.1875728368759164,588.7164491595661
2019-10-21 17:55:12,-0.03661582437463308,98.5626614977432,99.65639495849635,95.20037841796906,69.87163812931404,0.01977864010715405,20.409840461535367,19.28138932092492,19.335319719114544,0.08047765269354526,0.2764987978901903,0.27655882608918414,0.2879045923828808,0.006272661380279272,588.8404691825119
2019-10-21 17:55:13,-0.036312308353491446,98.56168365478538,99.65639495849635,95.20037841796906,69.87163812931404,0.02311427183970293,20.408956914514963,19.27939290933684,19.333970681214986,0.08046556278055941,0.27630252340734757,0.2769781878361345,0.28793426757648055,0.19620618432552,589.0332893424951
2019-10-21 17:55:14,-0.036523083368173136,98.56134646755856,99.65639495849635,95.20037841796906,69.87163812931404,0.02423776146502073,20.410737497823252,19.276978330456643,19.332082028155597,0.08048903551343459,0.27653842205767937,0.2775078211630984,0.28793705058542507,0.4812413609840682,589.3327514363908
2019-10-21 17:55:15,-0.037248149418678156,98.56134646755856,99.65639495849635,95.20037841796906,69.87163812931404,0.024481619753829315,20.410204671757512,19.274685154983842,19.329653759936384,0.08045747009538015,0.27654254985300325,0.2776071359783351,0.2879076288852388,0.684259789889478,589.6328886161056
2019-10-21 17:55:16,-0.03750107943629618,98.56168365478538,99.65639495849635,95.20037841796906,69.87163812931404,0.025256740463363615,20.414460535649688,19.275103322275932,19.331596374511754,0.08045994886359992,0.2762451891576778,0.2776324268960183,0.28781632130796336,0.780710405628863,589.9083227766716
2019-10-21 17:55:17,-0.037585389442168854,98.56235802923906,99.65639495849635,95.20037841796906,69.87163812931404,0.024263889322574117,20.415620612653576,19.275285587444216,19.331596374511754,0.08044988173982781,0.2762179574766365,0.2774366579411477,0.2877634566424894,0.7705932082022233,590.084871305454
2019-10-21 17:55:18,-0.037197563415154546,98.56336959091956,99.65639495849635,95.20037841796906,69.87163812931404,0.025265449684087296,20.42061164162379,19.274873964714313,19.331596374511754,0.08042074397796818,0.27619089613427705,0.2771558240577065,0.28777618647177516,0.6539081976095588,590.1017349349886
2019-10-21 17:55:19,-0.03732402842396356,98.56395123888586,99.65639495849635,95.20037841796906,69.87163812931404,0.025735747538038152,20.42390976752438,19.276465542666585,19.331596374511754,0.08045306848687749,0.27587608135107855,0.27720767370748695,0.28775451427851034,0.4306553738508695,589.9234233580564
2019-10-21 17:55:20,-0.037197563415154546,98.56432214483537,99.65639495849635,95.20037841796906,69.87163812931404,0.02590122262324218,20.427632805350807,19.277369372494597,19.334267249474188,0.08050350242214069,0.27597911048046697,0.27688434511631577,0.2877670771731093,0.10083473692615544,589.5806206122994
2019-10-21 17:55:21,-0.03681816838872751,98.56470148046556,99.65639495849635,95.20037841796906,69.87163812931404,0.02567478273246264,20.42601409325236,19.27392259788961,19.330928655771146,0.08050173224060705,0.2761566695911351,0.27646785731360124,0.2877328442387933,-0.07776752139044457,589.2026638929121
2019-10-21 17:55:22,-0.036953064398123785,98.56401867633123,99.65639495849635,95.20037841796906,69.87163812931404,0.025448342798264807,20.42013951726174,19.27291088504394,19.32833197177989,0.08043389550316882,0.2761797722264053,0.2761929263046021,0.28762298787668383,-0.11742693976019403,588.9572392532614
2019-10-21 17:55:23,-0.03661582437463308,98.56372363750775,99.65639495849635,95.20037841796906,69.87163812931404,0.027198896320028844,20.41570829289224,19.26816237389628,19.32914807246285,0.08040774321847884,0.2759146147813558,0.2762540501036572,0.2875056259143054,-0.16693375513634948,588.8288380727363
2019-10-21 17:55:24,-0.03687718539283838,98.56351289549097,99.65639495849635,95.20037841796906,69.87163812931404,0.027843378653580608,20.41107472951044,19.26549824801362,19.32736748915456,0.08046364124282555,0.27602211009094546,0.27629181638464295,0.28737798062237907,-0.09651806163829549,588.7614713370955
2019-10-21 17:55:25,-0.036750720384029364,98.56368991878506,99.65639495849635,95.20037841796906,69.87163812931404,0.027442754500291662,20.40677839781581,19.262179665910097,19.323489324752032,0.08043794290516504,0.2757465822018671,0.2762399640950297,0.28728448281755065,-0.08680555224418664,588.6027974304357
2019-10-21 17:55:26,-0.03623642934820604,98.56326843475152,99.65639495849635,95.20037841796906,69.87163812931404,0.027495009824633695,20.403601675322612,19.261215138824426,19.316373736152613,0.08043389541633222,0.27551625012517866,0.2764593392680027,0.28720776531801995,-0.08680555224418664,588.3926849720933
2019-10-21 17:55:27,-0.036320739354078715,98.56301554433139,99.65639495849635,95.20037841796906,69.87163812931404,0.0257270380177282,20.400924055726428,19.256979642214507,19.314829215025348,0.0804061742547233,0.2753422356152041,0.27668023206693104,0.2871755595668498,-0.08680555224418664,588.1837671809001
2019-10-21 17:55:28,-0.03623642934820604,98.56293124752469,99.65639495849635,95.20037841796906,69.87163812931404,0.026780853725292545,20.400141678212172,19.25884781239474,19.312846292704755,0.0803796166515019,0.2755146501086537,0.2767377335986343,0.2871553258740272,-0.08680555224418664,588.0928744513965
2019-10-21 17:55:29,-0.036750720384029364,98.56301554433139,99.65639495849635,95.20037841796906,69.87163812931404,0.02725986086509452,20.401375946187237,19.264162783856186,19.311166878902615,0.0804214006363653,0.2756046920945324,0.27668537668414966,0.2871641777195306,-0.08680555224418664,588.064795718606
2019-10-21 17:55:30,-0.036573669371696746,98.56357190325566,99.65639495849635,95.20037841796906,69.87163812931404,0.027477591383186332,20.400870098656466,19.268358279497242,19.30786200836829,0.08041998398401265,0.2759937810731108,0.27668242674051824,0.28714023638160735,-0.08680555224418664,588.062435408018
2019-10-21 17:55:31,-0.036995219401060125,98.56391752016317,99.65639495849635,95.2000749494649,69.87163812931404,0.027434045279567977,20.400566590138006,19.26924863339587,19.30560255606421,0.08036590824316175,0.27600769007400544,0.27642030690933506,0.2871656968043411,-0.08680555224418664,588.0277049813808
2019-10-21 17:55:32,-0.037248149418678156,98.56336959091956,99.65639495849635,95.20015081659093,69.87163812931404,0.026815690608187254,20.400465420631853,19.2777878109948,19.30705939695281,0.08031982435282592,0.27582861486570615,0.2760536428237025,0.2871582758176587,-0.08680555224418664,588.1032497165936
2019-10-21 17:55:33,-0.03733245942455083,98.5626952164659,99.65639495849635,95.20052172254046,69.87163812931404,0.027747577225620206,20.400809396952774,19.274266907663115,19.30763269082101,0.08031011225182436,0.27594875504364846,0.2761219333518643,0.2871652700545359,-0.08680555224418664,588.2006352209005
2019-10-21 17:55:34,-0.037248149418678156,98.5626614977432,99.65639495849635,95.20110337050676,69.87163812931404,0.0281917474825275,20.400809396952774,19.276836817636973,19.3073224376688,0.08035604469912334,0.2758595553728257,0.2760146884095704,0.28722723762750174,-0.08680555224418664,588.1877388765222
2019-10-21 17:55:35,-0.03669170337991849,98.56258563061718,99.65639495849635,95.20181146368311,69.87163812931404,0.02712922255423946,20.401321989117285,19.272169219864054,19.308057602746842,0.08037329392208108,0.2754708855719005,0.2761271568861883,0.2873341428650018,-0.08680555224418664,588.1055391751819
2019-10-21 17:55:36,-0.03664954837698215,98.56178481095344,99.65639495849635,95.20286517376698,69.87163812931404,0.02691149203614765,20.401558051298313,19.264554105994357,19.30971003801401,0.08038174194264265,0.2758211114189847,0.27663386166790505,0.28743868816149076,-0.08680555224418664,587.9476217345496
2019-10-21 17:55:37,-0.03681816838872751,98.56102613969307,99.65639495849635,95.20319393131314,69.87163812931404,0.02532641386443927,20.40418845845829,19.25973156393274,19.31750008998778,0.0804516016777025,0.27592152350154575,0.27677660027306206,0.2875121204586305,-0.08680555224418664,587.7943486567159
2019-10-21 17:55:38,-0.037197563415154546,98.56077324927296,99.65639495849635,95.20348054045593,69.87163812931404,0.026789562946016227,20.400951034261396,19.261120602801167,19.322248312143223,0.08043192396491856,0.27644761841058246,0.2766535095262647,0.28753311372859314,-0.08680555224418664,587.8203928842983
2019-10-21 17:55:39,-0.03732402842396356,98.56102613969307,99.65639495849635,95.20364070438868,69.87163812931404,0.026824399828910914,20.39798339541424,19.257208537388557,19.325883669730985,0.0803961592155461,0.2764407048970121,0.27671471578535856,0.28750504153869744,-0.08680555224418664,587.8458459671856
2019-10-21 17:55:40,-0.037197563415154546,98.56178481095344,99.65639495849635,95.20359012630466,69.87163812931404,0.02770403112200183,20.39589930358749,19.259022843865566,19.325721638463904,0.08038609296014002,0.27669995384060775,0.2767916075833203,0.2875092586020499,-0.08680555224418664,587.786910761766
2019-10-21 17:55:41,-0.037585389442168854,98.56228216211302,99.65639495849635,95.20324450939715,69.87163812931404,0.028244002806869513,20.394523398303807,19.261194793772347,19.33408518437742,0.08037779712941005,0.2764452524257436,0.27656750974955346,0.28759086965681047,-0.08680555224418664,587.61524902913
2019-10-21 17:55:42,-0.03750107943629618,98.56273736486925,99.65639495849635,95.20359012630466,69.87163812931404,0.02657183227161853,20.39392312590063,19.265687235585503,19.33664155617742,0.08038685144313862,0.2761521084464243,0.2763646584012857,0.2875348003038447,-0.08680555224418664,587.545861588771
2019-10-21 17:55:43,-0.037248149418678156,98.56306612241542,99.65639495849635,95.20333723588453,69.87163812931404,0.027416626877197113,20.393923125900628,19.263569509510724,19.33799059407698,0.08037516591084884,0.2760614774304956,0.27627461294194283,0.28752114215653074,-0.08680555224418664,587.5302708765861
2019-10-21 17:55:44,-0.03682659938931477,98.56395123888586,99.65639495849635,95.20355640758197,69.87163812931404,0.026989875213701213,20.396223046007165,19.269005911055757,19.335461423113674,0.08039322500670729,0.2756460004058481,0.27618549482805815,0.2875149871085916,-0.08680555224418664,587.4699095256973
2019-10-21 17:55:45,-0.03623642934820604,98.56432214483537,99.65639495849635,95.20326136875849,69.87163812931404,0.026005733380471987,20.396088153332297,19.260439910533044,19.333134546702333,0.0804580249465431,0.27517757590834135,0.27617891712900156,0.2875143141596476,-0.08680555224418664,587.4208504914698
2019-10-21 17:55:46,-0.036244860348793304,98.56439801196142,99.65639495849635,95.20321922035515,69.87163812931404,0.025117392931784853,20.39962908604765,19.25741797671735,19.33100996484295,0.08050648647519001,0.27579118432976485,0.27669329361204287,0.28757240298466896,-0.08680555224418664,587.3038318696292
2019-10-21 17:55:47,-0.035865465322366265,98.56409454345726,99.65639495849635,95.20266286143087,69.87163812931404,0.022852995565339186,20.401625497635738,19.251469209755555,19.329087677535526,0.08055231760153983,0.2760278445718455,0.2767818220706538,0.2876341184536069,-0.08680555224418664,587.2526590840815
2019-10-21 17:55:48,-0.0361689813435079,98.56409454345726,99.65639495849635,95.2028820331283,69.87163812931404,0.02253075437685416,20.39582511261631,19.2583554141172,19.327124877965304,0.08054093650101528,0.2765377535547693,0.27706991410477805,0.2876766079511407,-0.08680555224418664,587.3498626211044
2019-10-21 17:55:49,-0.0361689813435079,98.56409454345726,99.65639495849635,95.20289046280897,69.87163812931404,0.021720796784425185,20.388608354510747,19.261815277846605,19.325910688280267,0.08053036466553518,0.2766446555966825,0.277185082018793,0.287795573611916,-0.08680555224418664,587.3953019433382
2019-10-21 17:55:50,-0.0361689813435079,98.56439801196142,99.65639495849635,95.20277244727959,69.87163812931404,0.022016910180484302,20.383684771877974,19.266765883474697,19.324831346809766,0.0804853436899632,0.27699369407478247,0.2773705681304006,0.28790416493838267,-0.08680555224418664,587.4130914861521
2019-10-21 17:55:51,-0.0361689813435079,98.56401867633123,99.65639495849635,95.2023088148427,69.87163812931404,0.020449250298259215,20.381054364718,19.27496774046577,19.328797351508193,0.08043728659411431,0.27701139971092925,0.27728001901875654,0.2880170539820396,-0.08680555224418664,587.4472313371866
2019-10-21 17:55:52,-0.0361689813435079,98.56372363750775,99.65639495849635,95.2025701349435,69.87163812931404,0.018123888169656325,20.380474326216053,19.2800602990709,19.33392327315327,0.0804157870841195,0.27676959658836225,0.2769751504306758,0.28806081059929445,-0.08680555224418664,587.5990737168123
2019-10-21 17:55:53,-0.0361689813435079,98.56351289549097,99.65639495849635,95.20180303400244,69.87163812931404,0.01945639909668409,20.38249097170536,19.281395714321953,19.336688572988116,0.0803943388077209,0.2767323323618846,0.27681993257193666,0.2881662872704599,-0.08680555224418664,587.7765458825047
2019-10-21 17:55:54,-0.0361689813435079,98.5633864502809,99.65639495849635,95.20176088559907,69.87163812931404,0.02091083895753737,20.38789342333392,19.277692665864887,19.331259142824585,0.08041958028064206,0.2764640570659468,0.27648775046799934,0.2881541474437943,-0.08680555224418664,587.9511579322389
2019-10-21 17:55:55,-0.0361689813435079,98.56334430187755,99.65639495849635,95.20167658879237,69.87163812931404,0.020910838957537356,20.389653772740978,19.263265267396655,19.32377259936927,0.08041103106070252,0.27619873324196453,0.2763277265158576,0.2881123314509589,-0.08680555224418664,587.9138956136653
2019-10-21 17:55:56,-0.0361689813435079,98.5633864502809,99.65639495849635,95.20155014358232,69.87163812931404,0.020248938182538253,20.39967629848386,19.257882965194664,19.318309446037016,0.08042160350403883,0.27658723339890057,0.2765561207468979,0.2881434420188831,-0.08680555224418664,587.7532842320456
2019-10-21 17:55:57,-0.0361689813435079,98.56351289549097,99.65639495849635,95.20184518240579,69.87163812931404,0.01963058351115751,20.404667327454067,19.249148602252312,19.31486968282782,0.0805278846642356,0.27669700973239586,0.2765497160263559,0.28807768218723,-0.08680555224418664,587.6075938831693
2019-10-21 17:55:58,-0.0361689813435079,98.56372363750775,99.65639495849635,95.20286517376698,69.87163812931404,0.02055376090786678,20.40662327123969,19.253586575701583,19.313453309741675,0.08064868410567325,0.2768872157260259,0.27700313633972184,0.2880625047466978,-0.08680555224418664,587.4567556670233
2019-10-21 17:55:59,-0.0361689813435079,98.56432214483537,99.65639495849635,95.20285674408629,69.87163812931404,0.021206952462142208,20.407297734614044,19.250686094199633,19.31710215659692,0.08072946996955624,0.2767334338668348,0.27700077549560986,0.288091255929365,-0.08680555224418664,587.2959769722481
2019-10-21 17:56:00,-0.0361689813435079,98.56432214483537,99.65639495849635,95.20280616600226,69.87163812931404,0.021111151034181815,20.404019842614687,19.25018697351846,19.319806754728077,0.0807178851850941,0.2765544422995521,0.27716923030940044,0.28799522193995447,-0.08680555224418664,587.1576247848848
2019-10-21 17:56:01,-0.0361689813435079,98.56402710601189,99.65639495849635,95.20293261121233,69.87163812931404,0.020492796362801075,20.401288265948562,19.252277787748778,19.319267184028593,0.08068206986208361,0.27603745418828735,0.2770474016805359,0.2879501979945708,-0.08680555224418664,587.0567917190249
2019-10-21 17:56:02,-0.0361689813435079,98.56343702836494,99.65639495849635,95.20323607971649,69.87163812931404,0.01974380338056524,20.398246436130226,19.254955540725984,19.322234822875743,0.08063457003145529,0.2757621800704998,0.27680694869348293,0.2879035747273548,-0.08680555224418664,587.0882443159073
2019-10-21 17:56:03,-0.0361689813435079,98.56301554433139,99.65639495849635,95.20273029887622,69.87163812931404,0.020527633245695766,20.396054430163584,19.259872423185364,19.32257205456292,0.08059440537557756,0.2759768310543548,0.2767954840387784,0.287950788761353,-0.08680555224418664,587.1370592095097
2019-10-21 17:56:04,-0.0361689813435079,98.56306612241542,99.65639495849635,95.20218236963264,69.87163812931404,0.021424682980234033,20.39446944123386,19.250348795821928,19.32203248386344,0.0805510529653456,0.2755545191553652,0.2766137983137643,0.28796098581005153,-0.08680555224418664,587.3168131510434
2019-10-21 17:56:05,-0.0361689813435079,98.56260248997853,99.65639495849635,95.20235939292672,69.87163812931404,0.022095292975956804,20.39287770767039,19.246531399813602,19.31932788573228,0.08047654042085589,0.2758254042038558,0.2767969194825722,0.2879582840801681,-0.08680555224418664,587.3722094555852
2019-10-21 17:56:06,-0.0361689813435079,98.56239174796175,99.65639495849635,95.20181146368311,69.87163812931404,0.023532314395362755,20.396364683315795,19.24578292330944,19.320710535649702,0.08041366220979446,0.2761129884869909,0.27661725691148537,0.2880122441372954,-0.08680555224418664,587.3867126322589
2019-10-21 17:56:07,-0.0361689813435079,98.56243389636509,99.65639495849635,95.201609151347,69.87163812931404,0.024316144260493285,20.398549944648703,19.245445980614484,19.32350955865327,0.08048706267263528,0.2764016689954111,0.27660115386222717,0.28802835100736424,-0.08680555224418664,587.3726338562171
2019-10-21 17:56:08,-0.0361689813435079,98.56272893518857,99.65639495849635,95.20153328422097,69.87163812931404,0.02492578971115035,20.401308499849804,19.24465010938671,19.32772495474297,0.0805325905829323,0.2770000174467943,0.2774587541749158,0.28813728328907184,-0.08680555224418664,587.378531929498
2019-10-21 17:56:09,-0.0361689813435079,98.56327686443218,99.65639495849635,95.20090105817064,69.87163812931404,0.024734186855229552,20.40481570939644,19.24540557061046,19.33335672391881,0.08060477679217636,0.2769039891538649,0.2777193578389982,0.2882674596248534,-0.08680555224418664,587.3649565156541
2019-10-21 17:56:10,-0.0361689813435079,98.56331058315487,99.65639495849635,95.20078304264126,69.87163812931404,0.025300286202268252,20.402320194911336,19.24666690159514,19.334267249474188,0.0806150961762822,0.2768401668899827,0.2778431247997959,0.28828541826812887,-0.08680555224418664,587.4059263287187
2019-10-21 17:56:11,-0.0361689813435079,98.56381636399513,99.65639495849635,95.20096006593535,69.87163812931404,0.02472547763450586,20.402084132730312,19.250706999452007,19.331596374511754,0.08058074781875255,0.27678123866761545,0.2775927210326524,0.2882492538793391,-0.08680555224418664,587.5071808074754
2019-10-21 17:56:12,-0.0361689813435079,98.56372363750775,99.65639495849635,95.20074932391857,69.87163812931404,0.02340167608450766,20.401436647890925,19.257991604038104,19.331596374511754,0.08055535351340887,0.2767195244491246,0.27712530258930157,0.2881754847951157,-0.08680555224418664,587.7054754937462
2019-10-21 17:56:13,-0.0361689813435079,98.56432214483537,99.65639495849635,95.20015081659093,69.87163812931404,0.023680371147665177,20.401166862541185,19.263670759045496,19.331596374511754,0.08056845496862385,0.27655461416655847,0.2770026314369734,0.28814083122429135,-0.08680555224418664,587.9507298325065
2019-10-21 17:56:14,-0.0361689813435079,98.56462561333953,99.65639495849635,95.20015081659093,69.87163812931404,0.023523605174639077,20.40127477668108,19.264864781519808,19.331596374511754,0.08056218217025013,0.27604496055271877,0.27659920858336573,0.2880475817721493,-0.08680555224418664,588.3168928239745
2019-10-21 17:56:15,-0.0361689813435079,98.5636477703817,99.65639495849635,95.20074932391857,69.87163812931404,0.023584569719704792,20.40121407497739,19.271623015681683,19.331596374511754,0.08055616250057618,0.2762988186104879,0.2763405444321939,0.2879609935211421,-0.08680555224418664,588.5955489009704
2019-10-21 17:56:16,-0.0361689813435079,98.56314198954146,99.65639495849635,95.20096006593535,69.87163812931404,0.02372391725128356,20.401052203767545,19.27113724199493,19.331596374511754,0.08050739799901899,0.2762996634264379,0.27610919588095734,0.28794547839042545,-0.08680555224418664,588.782552225608
2019-10-21 17:56:17,-0.0361689813435079,98.56310827081876,99.65639495849635,95.2010865111454,69.87163812931404,0.021816597756493424,20.400856609388978,19.27299210519508,19.334267249474188,0.08052490142745038,0.27622614568208015,0.2763918862615161,0.28799682202594895,-0.08680555224418664,588.8141701438226
2019-10-21 17:56:18,-0.0361689813435079,98.56256034157516,99.65639495849635,95.20112865954877,69.87163812931404,0.02193852704200719,20.400451931364366,19.274509581096858,19.330928655771146,0.08049187001648506,0.27644753900719227,0.27685104168100577,0.2880302093106835,-0.08680555224418664,588.7640056476744
2019-10-21 17:56:19,-0.0361689813435079,98.56226530275168,99.65639495849635,95.2010865111454,69.87163812931404,0.022104002387721013,20.400694738179133,19.273592248663245,19.32833197177989,0.08052475135643188,0.27633009368167416,0.27704394447220015,0.2881038114602201,-0.08680555224418664,588.6622431117077
2019-10-21 17:56:20,-0.0361689813435079,98.56252662285247,99.65639495849635,95.20096006593535,69.87163812931404,0.02412454170415876,20.40042495282939,19.26953855038805,19.326477197500417,0.08046885303684069,0.27652316326861703,0.2770286011390203,0.28809352708863306,-0.08680555224418664,588.6118203898982
2019-10-21 17:56:21,-0.0361689813435079,98.5626614977432,99.65639495849635,95.20074932391857,69.87163812931404,0.0240635772242205,20.399885382129902,19.266543692920074,19.325364332932736,0.08040293891391019,0.2764178591591502,0.27708753207068965,0.2880553382954684,-0.08680555224418664,588.5907366559237
2019-10-21 17:56:22,-0.0361689813435079,98.56245075572645,99.65639495849635,95.20045428509509,69.87163812931404,0.025065137629151975,20.39968978775134,19.259481799074585,19.327664253039273,0.08035655092178823,0.27600709819571456,0.27708668669898534,0.28800003122894446,-0.08680555224418664,588.5876994099666
2019-10-21 17:56:23,-0.0361689813435079,98.5626614977432,99.65639495849635,95.2000749494649,69.87163812931404,0.026815690972900978,20.399420002401595,19.25954900532618,19.32736748915456,0.08030480073465354,0.2759463079881562,0.27705853072913444,0.2879078767516404,-0.08680555224418664,588.6279097692687
2019-10-21 17:56:24,-0.0361689813435079,98.56252662285247,99.65639495849635,95.20037841796906,69.87163812931404,0.027024712205141674,20.39993259456611,19.255724624598265,19.325215950990376,0.08033909725073077,0.2755288886023574,0.27686057196352654,0.287822975353762,-0.08680555224418664,588.6113026581181
2019-10-21 17:56:25,-0.035865465322366265,98.56226530275168,99.65639495849635,95.20037841796906,69.87163812931404,0.025918641064689524,20.40006748724098,19.24754291703378,19.321708741443743,0.08036236659491278,0.27557652723261317,0.27686765394010815,0.28773217337392787,-0.08680555224418664,588.5518677896014
2019-10-21 17:56:26,-0.036244860348793304,98.56256034157516,99.65639495849635,95.20037841796906,69.87163812931404,0.024908371308779466,20.39982468042621,19.246611961951672,19.318376892374445,0.0804141165562723,0.275474849211309,0.27703205862523306,0.28774642041235343,-0.08680555224418664,588.4270853251581
2019-10-21 17:56:27,-0.036539945369347675,98.56310827081876,99.65639495849635,95.20037841796906,69.87163812931404,0.023593278784122575,20.39975048945503,19.240123584276088,19.315591358638372,0.08046156697687312,0.2753604436532053,0.2772002612655263,0.28773453199502275,-0.08680555224418664,588.2099908148508
2019-10-21 17:56:28,-0.036750720384029364,98.5634454580456,99.65639495849635,95.20037841796906,69.87163812931404,0.02426388893615123,20.400020274804774,19.239665109238764,19.30655354942204,0.08043551592629572,0.2755174266569551,0.27716004660913224,0.28768394515786766,-0.08680555224418664,588.0009061373214
2019-10-21 17:56:29,-0.03687718539283838,98.56387537175982,99.65639495849635,95.20037841796906,69.87163812931404,0.02488224360753198,20.40063403647544,19.23842409662995,19.301299479735835,0.08051675747394027,0.27592447323676966,0.2770464803789052,0.2876728176375932,-0.08680555224418664,587.7862536023563
2019-10-21 17:56:30,-0.036919340395774713,98.56387537175982,99.65639495849635,95.20037841796906,69.87163812931404,0.02474289607595323,20.40055984550426,19.234478325832754,19.297900184329094,0.08052308030756503,0.27613963231896,0.27694825894071284,0.28768386492084586,-0.08680555224418664,587.560472750721
2019-10-21 17:56:31,-0.03687718539283838,98.5634454580456,99.65639495849635,95.20037841796906,69.87163812931404,0.025491889058189048,20.400829630854005,19.2361849182414,19.297097572913614,0.0804626299090043,0.2761602034240901,0.2770115678960633,0.28773150091126865,-0.08680555224418664,587.3872165635487
2019-10-21 17:56:32,-0.036750720384029364,98.56280480231462,99.65639495849635,95.20037841796906,69.87163812931404,0.024690640595305305,20.400829630854005,19.235308111408706,19.299633555201183,0.08040288712455973,0.27619030418651724,0.27693889142472217,0.28775856357354446,-0.08680555224418664,587.3010509997832
2019-10-21 17:56:33,-0.036539945369347675,98.56263620870119,99.65639495849635,95.20037841796906,69.87163812931404,0.025962187016343834,20.400317038689494,19.243051262168663,19.299498662526307,0.08032948581072022,0.27664414465010667,0.27658790850139225,0.287761092255444,-0.08680555224418664,587.3087129748524
2019-10-21 17:56:34,-0.036244860348793304,98.56263620870119,99.65639495849635,95.20037841796906,69.87163812931404,0.02622346379001806,20.400451931364366,19.241358421343524,19.29936376985144,0.08037774379436807,0.2764714809008698,0.2764906123245797,0.28776817395414844,-0.08680555224418664,587.2973272861595
2019-10-21 17:56:35,-0.035865465322366265,98.56280480231462,99.65639495849635,95.20037841796906,69.87163812931404,0.025788002862380185,20.400377740393186,19.2493713796834,19.299228877176567,0.08033226663138227,0.2764271347672797,0.2765772802568546,0.2877234063504187,-0.08680555224418664,587.3581971210772
2019-10-21 17:56:36,-0.0361689813435079,98.56314198954146,99.65639495849635,95.20037841796906,69.87163812931404,0.025448343319284403,20.400512633068058,19.257397693909745,19.29970774617236,0.08030328062517127,0.2763128944766,0.2766666478349342,0.2877210433527591,-0.08680555224418664,587.4144315564009
2019-10-21 17:56:37,-0.0361689813435079,98.5636477703817,99.65639495849635,95.20037841796906,69.87163812931404,0.024350981529810828,20.400613802574213,19.255489029250846,19.300011254690823,0.08025370645912122,0.2761839006469528,0.2767610751387687,0.2876829351439628,-0.08680555224418664,587.5349196498505
2019-10-21 17:56:38,-0.0361689813435079,98.56432214483537,99.65639495849635,95.20037841796906,69.87163812931404,0.024620967350535518,20.401052203767545,19.258706152856,19.299768447876055,0.08018875420788252,0.27592135455224953,0.27701670341280604,0.2876666598803522,-0.08680555224418664,587.5939395077595
2019-10-21 17:56:39,-0.0361689813435079,98.56439801196142,99.65639495849635,95.20037841796906,69.87163812931404,0.025073846763039025,20.40121407497739,19.258645251080765,19.299768447876055,0.08022123075031753,0.2759823912368238,0.2768033155889231,0.287582097075759,-0.08680555224418664,587.573116987181
2019-10-21 17:56:40,-0.035865465322366265,98.56409454345726,99.65639495849635,95.20037841796906,69.87163812931404,0.02367166211798201,20.403945651643518,19.255265856122687,19.299768447876055,0.08021910575442123,0.27562871096017516,0.2770210062707229,0.28761093419192935,-0.08680555224418664,587.4915899530173
2019-10-21 17:56:41,-0.036244860348793304,98.56379107495312,99.65639495849635,95.20037841796906,69.87163812931404,0.024124541443648923,20.401598519100773,19.255515345326707,19.299768447876055,0.08018566829549703,0.27551000344725524,0.2767355316307725,0.2876304073350423,-0.08680555224418664,587.4094734814355
2019-10-21 17:56:42,-0.036539945369347675,98.5641704105833,99.65639495849635,95.20037841796906,69.87163812931404,0.02218238502688763,20.401160117907448,19.25105683119983,19.299768447876055,0.0802230013139322,0.2754186953836948,0.27660932303308683,0.28769760490297536,-0.08680555224418664,587.4543219435203
2019-10-21 17:56:43,-0.036750720384029364,98.56446544940678,99.65639495849635,95.20037841796906,69.87163812931404,0.023906810886480657,20.39802386321671,19.251616640246567,19.299768447876055,0.08023003292528363,0.27593189054157946,0.2763294164951037,0.28770755526625014,-0.08680555224418664,587.6077609117787
2019-10-21 17:56:44,-0.03687718539283838,98.56467619142356,99.65639495849635,95.20037841796906,69.87163812931404,0.024342271922664277,20.390807105111143,19.245121197822783,19.299768447876055,0.08031891305477212,0.27627056302168473,0.2763359090248193,0.28767627630478393,-0.08680555224418664,587.680513679844
2019-10-21 17:56:45,-0.036919340395774713,98.56480263663362,99.65639495849635,95.20037841796906,69.87163812931404,0.024429364129901,20.386018415153245,19.24112183008441,19.299768447876055,0.08033444346873098,0.2762090160852273,0.2765281378250306,0.28764533531137926,-0.08680555224418664,587.7955980990056
2019-10-21 17:56:46,-0.03687718539283838,98.56484478503697,99.65639495849635,95.20037841796906,69.87163812931404,0.024168087508190828,20.383657793343012,19.251340305888608,19.299525641061283,0.0803769873607133,0.2763523472633678,0.2764321943540957,0.28757847598938496,-0.08680555224418664,587.9587332629952
2019-10-21 17:56:47,-0.036750720384029364,98.56510610513777,99.65639495849635,95.20037841796906,69.87163812931404,0.023244910111481547,20.38578235297222,19.255825754090118,19.30152879728312,0.08045028728413436,0.27656337695244093,0.27644290005688404,0.2875017546690437,-0.08680555224418664,588.1848592691505
2019-10-21 17:56:48,-0.036539945369347675,98.56460032429752,99.65639495849635,95.20037841796906,69.87163812931404,0.024577420882203417,20.387171747523386,19.26054043091822,19.299640299834927,0.08044436862279783,0.27661505820867965,0.2766696940629918,0.2874379304600216,-0.08680555224418664,588.3585378651313
2019-10-21 17:56:49,-0.036244860348793304,98.56409454345726,99.65639495849635,95.20037841796906,69.87163812931404,0.024002612314441035,20.388325079893523,19.25616309248212,19.298156480411343,0.08044062492313939,0.27637359305417414,0.2764907016620778,0.28734957588302595,-0.08680555224418664,588.4689032281211
2019-10-21 17:56:50,-0.035865465322366265,98.56358876261702,99.65639495849635,95.20037841796906,69.87163812931404,0.023166527124968497,20.389984259794428,19.25468621776382,19.296834532197607,0.08041811373197691,0.27616054167002857,0.27668385725199296,0.28738119760593406,-0.08680555224418664,588.5475630326721
2019-10-21 17:56:51,-0.0361689813435079,98.56308298177676,99.65639495849635,95.20037841796906,69.87163812931404,0.022774612192403246,20.38613981856061,19.25335084697311,19.298406031859848,0.08040061098087106,0.2760274184472639,0.2765771176987326,0.28741087418891953,-0.08680555224418664,588.6386163884958
2019-10-21 17:56:52,-0.0361689813435079,98.56334430187755,99.65639495849635,95.20037841796906,69.87163812931404,0.022513335570693085,20.384986486190474,19.249836826102218,19.29570143372869,0.08043151862901984,0.27608449496589405,0.2768315631887583,0.2874930782334793,-0.08680555224418664,588.7825325919214
2019-10-21 17:56:53,-0.0361689813435079,98.5633864502809,99.65639495849635,95.20037841796906,69.87163812931404,0.0238023002377966,20.379422163352064,19.245661697743436,19.294419953317423,0.08045261292468718,0.2765010722450447,0.27698534650680434,0.28752966742693464,-0.08680555224418664,588.876372223969
2019-10-21 17:56:54,-0.0361689813435079,98.56351289549097,99.65639495849635,95.20037841796906,69.87163812931404,0.0235845697197048,20.368961236415856,19.237952247922024,19.29589028347352,0.08051184927805899,0.27672390316749834,0.27701249517205234,0.28751339320536307,-0.08680555224418664,588.9105991461354
2019-10-21 17:56:55,-0.0361689813435079,98.56402710601189,99.65639495849635,95.20037841796906,69.87163812931404,0.023279746994376266,20.3663645524246,19.23472825074814,19.295741901531166,0.0805107866759069,0.27646574662837725,0.27724426672175295,0.287444425004346,-0.08680555224418664,588.8884287302882
2019-10-21 17:56:56,-0.0361689813435079,98.56394280920519,99.65639495849635,95.20037841796906,69.87163812931404,0.021947236067348493,20.371632111378293,19.2470373006968,19.29257192367171,0.0804983426606185,0.27639113321448877,0.27711384064389905,0.2872903861088081,-0.08680555224418664,588.7867517004495
2019-10-21 17:56:57,-0.0361689813435079,98.56402710601189,99.65639495849635,95.20037841796906,69.87163812931404,0.02201691002852022,20.37608356964902,19.245910835710777,19.291904204931107,0.08053982342942911,0.27612395511640603,0.2768414328981953,0.2870812107633051,-0.08680555224418664,588.6605455091799
2019-10-21 17:56:58,-0.0361689813435079,98.56351289549097,99.65639495849635,95.20037841796906,69.87163812931404,0.02362811601436366,20.382389802199217,19.250416095440258,19.290595745984856,0.0804500327313143,0.2758388170551316,0.2767415261351984,0.2868588867582095,-0.08680555224418664,588.384006028966
2019-10-21 17:56:59,-0.0361689813435079,98.5633864502809,99.65639495849635,95.20037841796906,69.87163812931404,0.02440323676731626,20.383799430651614,19.241148608547867,19.290042686017884,0.08035488022026782,0.27523313195277543,0.27629307711319,0.2866782971195417,-0.08680555224418664,587.9400321764839
2019-10-21 17:57:00,-0.0361689813435079,98.56334430187755,99.65639495849635,95.20037841796906,69.87163812931404,0.025361251112047678,20.38632192367169,19.24413684142501,19.289084948026296,0.08026564605794609,0.2751374382239128,0.27605987498254553,0.28655276383275563,-0.08680555224418664,587.421267778447
2019-10-21 17:57:01,-0.0361689813435079,98.5633864502809,99.65639495849635,95.20037841796906,69.87163812931404,0.025561563210401293,20.389215371547664,19.245195904533954,19.28887586438025,0.08019356059652964,0.27503104073740164,0.2760569251778527,0.28649998621229333,-0.08680555224418664,586.9154044198006
2019-10-21 17:57:02,-0.035865465322366265,98.56351289549097,99.65639495849635,95.20037841796906,69.87163812931404,0.027042130711716454,20.391737864567745,19.237453016090004,19.282313335747787,0.08018243100954403,0.27522175052227177,0.27601628689777113,0.28650546497676277,-0.08680555224418664,586.4816342511672
2019-10-21 17:57:03,-0.036244860348793304,98.56372363750775,99.65639495849635,95.20037841796906,69.87163812931404,0.027904343498232568,20.395818367982578,19.243260412505233,19.28341945568173,0.0802203716584299,0.2754618645686931,0.27593181155500507,0.28659137513809896,-0.08680555224418664,586.1280366768666
2019-10-21 17:57:04,-0.036539945369347675,98.56401867633123,99.65639495849635,95.20037841796906,69.87163812931404,0.027582102222910944,20.39203462845246,19.238181881137713,19.285092124850127,0.08022639179702151,0.2754964327617687,0.2758782735237716,0.2867100809142868,-0.08680555224418664,585.8794044903681
2019-10-21 17:57:05,-0.036750720384029364,98.56439801196142,99.65639495849635,95.20037841796906,69.87163812931404,0.027320825449236724,20.39314749302014,19.233770979590133,19.2812611728838,0.0802254304116147,0.2756338549521704,0.27604048485522586,0.2867860441163431,-0.08680555224418664,585.6814457108665
2019-10-21 17:57:06,-0.03687718539283838,98.56409454345726,99.65639495849635,95.20037841796906,69.87163812931404,0.02601444214530351,20.399156961685623,19.23255020088255,19.280182031484834,0.08025198824061128,0.2753923901450114,0.2759501066380177,0.28688224184485367,-0.08680555224418664,585.603376339645
2019-10-21 17:57:07,-0.036919340395774713,98.56409454345726,99.65639495849635,95.20037841796906,69.87163812931404,0.0257270380177282,20.397302187406154,19.230135533081683,19.28161189383847,0.08029948890487099,0.27533792914488464,0.27599976404563603,0.2869434552592838,-0.08680555224418664,585.6440159368642
2019-10-21 17:57:08,-0.03687718539283838,98.56409454345726,99.65639495849635,95.20037841796906,69.87163812931404,0.02569220113483351,20.39724823033621,19.23487683276202,19.282994543755887,0.08028244083022205,0.27529223357047317,0.27603222231764973,0.2869588871657996,-0.08680555224418664,585.701425974743
2019-10-21 17:57:09,-0.036750720384029364,98.56409454345726,99.65639495849635,95.20037841796906,69.87163812931404,0.02551801672036006,20.389525624699868,19.230863508922557,19.283716219566436,0.08025603461793554,0.2752393718921784,0.2762279047137938,0.28692457323029963,-0.08680555224418664,585.7493160932509
2019-10-21 17:57:10,-0.036539945369347675,98.56409454345726,99.65639495849635,95.20037841796906,69.87163812931404,0.024725477634505874,20.381742317359837,19.235632013885613,19.284936998274013,0.08022537869173353,0.27506611418057225,0.27613836908951866,0.28688604473234147,-0.08680555224418664,585.8380094230331
2019-10-21 17:57:11,-0.036244860348793304,98.56409454345726,99.65639495849635,95.20037841796906,69.87163812931404,0.024647094647992827,20.377189689582956,19.234053613978435,19.286906431327125,0.08021359175165796,0.275141823889215,0.2762520235457349,0.28687053231092685,-0.08680555224418664,585.925190816672
2019-10-21 17:57:12,-0.035865465322366265,98.56409454345726,99.65639495849635,95.20037841796906,69.87163812931404,0.02505642802200543,20.37648150303988,19.228367687661095,19.288471186355622,0.08028274274372578,0.27544213647331167,0.2760095471963465,0.2868957386844928,-0.08680555224418664,586.0304120114929
2019-10-21 17:57:13,-0.0361689813435079,98.56409454345726,99.65639495849635,95.20037841796906,69.87163812931404,0.02502159113911074,20.37986056454539,19.232374160161978,19.29594424054346,0.08030677159557832,0.27565552540870314,0.2759771745799588,0.2869485128314908,-0.08680555224418664,586.1046037296055
2019-10-21 17:57:14,-0.0361689813435079,98.56409454345726,99.65639495849635,95.20037841796906,69.87163812931404,0.02462967620654548,20.380029180388973,19.226074672245517,19.295917262008487,0.08031709125756128,0.2756503838481331,0.27600946529206205,0.2871017017008826,-0.08680555224418664,586.1111770309788
2019-10-21 17:57:15,-0.0361689813435079,98.56409454345726,99.65639495849635,95.20037841796906,69.87163812931404,0.02467322231016384,20.385492333721228,19.225602547883483,19.295492350082654,0.08034926364610825,0.2758388162909695,0.2761382056282957,0.287228841742714,-0.08680555224418664,586.0581433133941
2019-10-21 17:57:16,-0.0361689813435079,98.56409454345726,99.65639495849635,95.20037841796906,69.87163812931404,0.024046158418059425,20.394192911250375,19.223835453842682,19.298426265761094,0.08037551820695005,0.2759242232168202,0.27633254025088116,0.287341395944427,-0.08680555224418664,585.9916999301172
2019-10-21 17:57:17,-0.035865465322366265,98.56409454345726,99.65639495849635,95.20037841796906,69.87163812931404,0.02399390309371738,20.399379534599145,19.221211791316446,19.29786646116039,0.08036686849969271,0.276008116129118,0.27660224501625447,0.2874558051149335,-0.08680555224418664,585.9417883955256
2019-10-21 17:57:18,-0.036244860348793304,98.56409454345726,99.65639495849635,95.20037841796906,69.87163812931404,0.024429364129901,20.40322397583296,19.223680327266592,19.297772036287974,0.08039089709103546,0.275984594455133,0.27635302340789925,0.2874829513487568,-0.08680555224418664,585.9206227122505
2019-10-21 17:57:19,-0.036539945369347675,98.56409454345726,99.65639495849635,95.20037841796906,69.87163812931404,0.025352541526610282,20.403581441421366,19.223181224369576,19.295411414477734,0.08034440883737087,0.27604909064052907,0.27645874898750555,0.2874525162306706,-0.08680555224418664,585.9257691567891
2019-10-21 17:57:20,-0.036750720384029364,98.56379107495312,99.65639495849635,95.20037841796906,69.87163812931404,0.025744456459175544,20.401112905471237,19.22664122148,19.29375223457682,0.08031896418416437,0.276024892822013,0.27604765095910905,0.28746963172525875,-0.2859119995907475,585.9139674615767
2019-10-21 17:57:21,-0.03687718539283838,98.5641704105833,99.65639495849635,95.20037841796906,69.87163812931404,0.026711179959503187,20.40097126816262,19.224321067472218,19.2941973804039,0.08030682421856014,0.27632267012462813,0.275800369975173,0.2875069814684238,-0.316263597328347,585.8562182446477
2019-10-21 17:57:22,-0.03661582437463308,98.56416198090263,99.65639495849635,95.20037841796906,69.87163812931404,0.02675472606312155,20.403945651643518,19.22341728655058,19.297286422658438,0.08027864806788251,0.27661016534814237,0.27582296583202404,0.28747974930109765,-0.11601053279040963,585.9321872382193
2019-10-21 17:57:23,-0.036953064398123785,98.5647520585496,99.65639495849635,95.20037841796906,69.87163812931404,0.02587509477003063,20.403783780433677,19.22069919915193,19.298648838674637,0.08019290438968285,0.2765454165724335,0.2758736399920677,0.2874524298803519,0.3720430799158579,586.1586477284126
2019-10-21 17:57:24,-0.03712168440986914,98.56517354258314,99.65639495849635,95.20037841796906,69.87163812931404,0.0247777329588479,20.400613802574224,19.225386719603673,19.29470322793466,0.08015506535699063,0.2760325586184482,0.27605195631792,0.2874470352431841,1.0837542168049288,586.460141908874
2019-10-21 17:57:25,-0.03712168440986914,98.56542643300327,99.65639495849635,95.20037841796906,69.87163812931404,0.02416808750819083,20.39535298825427,19.224658299159376,19.292302138321958,0.08012790015805317,0.2755981092547487,0.27628591601109503,0.28739645153214677,1.9013586901562514,586.752190151972
2019-10-21 17:57:26,-0.036953064398123785,98.56551072980997,99.65639495849635,95.20037841796906,69.87163812931404,0.02341909452595501,20.386861494371175,19.220962239867923,19.289253563869877,0.0800744812319053,0.2754381733896578,0.27646111038737153,0.287341566560986,2.7433118707650257,587.0625280278005
2019-10-21 17:57:27,-0.03661582437463308,98.56542643300327,99.65639495849635,95.20037841796906,69.87163812931404,0.02465580386871649,20.38352964530187,19.217151521802826,19.286097075277908,0.08006178410528444,0.2751594493578092,0.27640116388425484,0.2872905606851163,3.6753081186807064,587.35018871103
2019-10-21 17:57:28,-0.03687718539283838,98.56517354258314,99.65639495849635,95.20037841796906,69.87163812931404,0.02536125074733396,20.379961734051548,19.217279669843958,19.284161365393505,0.08005272878425126,0.2750661177929749,0.2762477211046339,0.2872324738747042,4.108526522584602,587.6555511545761
2019-10-21 17:57:29,-0.036750720384029364,98.5647520585496,99.65639495849635,95.20037841796906,69.87163812931404,0.025936059315096335,20.376285908661323,19.215600256041817,19.276519695362076,0.08002247772503032,0.27513297558664507,0.2759746417993719,0.28722168501718415,3.9544078783286394,587.8381673461645
2019-10-21 17:57:30,-0.036539945369347675,98.56416198090263,99.65639495849635,95.20037841796906,69.87163812931404,0.025988314639438362,20.374033200990983,19.216463569160997,19.27439513573286,0.08003385913816666,0.2754947499378585,0.27565611527238504,0.28725978996092427,3.2006766534039297,587.7899407517954
2019-10-21 17:57:31,-0.036244860348793304,98.5641704105833,99.65639495849635,95.20037841796906,69.87163812931404,0.02529157698154457,20.37370271393755,19.216004934066447,19.278401448176524,0.080045646390854,0.2756891673678292,0.2755945686138046,0.28731880363050954,2.3506297008253902,587.6193804974339
2019-10-21 17:57:32,-0.035865465322366265,98.56379107495312,99.65639495849635,95.20037841796906,69.87163812931404,0.024951917373321343,20.37603635721281,19.21351616421508,19.283378987879253,0.08005156501745589,0.27587347055648653,0.27597826670655656,0.2873000004491614,1.4630142272664999,587.3908264586993
2019-10-21 17:57:33,-0.0361689813435079,98.56409454345726,99.65639495849635,95.20037841796906,69.87163812931404,0.023784881796349237,20.375024662151283,19.21437947733424,19.285200038990013,0.08011682107523627,0.2760699993663741,0.27585711498638504,0.2873206543616767,0.6948491341731857,587.2031545928049
2019-10-21 17:57:34,-0.035865465322366265,98.56409454345726,99.65639495849635,95.20037841796906,69.87163812931404,0.022043037651614764,20.370910435567737,19.218817446337482,19.28642081769759,0.08017438747388243,0.27571142713228924,0.2762249578962801,0.2872847371445955,0.09651807257970761,587.1011453552977
2019-10-21 17:57:35,-0.036244860348793304,98.56409454345726,99.65639495849635,95.20037841796906,69.87163812931404,0.021624995056878496,20.36891402397965,19.218696042930105,19.286252201854005,0.08020504308747267,0.27544542653855264,0.27641583392114427,0.28731955827533023,-0.27896485430360113,586.9088343907088
2019-10-21 17:57:36,-0.036539945369347675,98.56409454345726,99.65639495849635,95.20037841796906,69.87163812931404,0.0204927963628011,20.371578154308345,19.220685709884453,19.284936998274024,0.0802174371369793,0.2757051021624841,0.276454446268527,0.2873551375243498,-0.35464150159856506,586.7858229417085
2019-10-21 17:57:37,-0.036750720384029364,98.56409454345726,99.65639495849635,95.20037841796906,69.87163812931404,0.021024058826945122,20.37828906488315,19.223316117044433,19.282475206957642,0.08027227280231644,0.27588417876016913,0.2764804123581714,0.28741550653964565,-0.12686965496025335,586.671153817701
2019-10-21 17:57:38,-0.03687718539283838,98.56409454345726,99.65639495849635,95.20037841796906,69.87163812931404,0.02172079648483892,20.38115553422415,19.222884460484842,19.27875216913121,0.08029407577150652,0.27568765147860563,0.27673882134866673,0.287450411519805,-0.09166180686308811,586.6739318420855
2019-10-21 17:57:39,-0.036919340395774713,98.56439801196142,99.65639495849635,95.20037841796906,69.87163812931404,0.022417534142732714,20.382605630479006,19.22092851669921,19.27534612909072,0.08030338352654665,0.2759542415886776,0.27666597683113,0.2875307576778616,-0.08680555224418664,586.7004956509978
2019-10-21 17:57:40,-0.03687718539283838,98.56401867633123,99.65639495849635,95.20037841796906,69.87163812931404,0.0231142718006265,20.382639353647722,19.218318343440473,19.275568702004257,0.08030029744048799,0.2762201523586316,0.2765853739840729,0.2875807526367257,-0.08680555224418664,586.709101465756
2019-10-21 17:57:41,-0.036750720384029364,98.56372363750775,99.65639495849635,95.20037841796906,69.87163812931404,0.022391406480561683,20.3812567037303,19.216531015498433,19.277774197238397,0.0802951885304809,0.276261548479121,0.2767336745779003,0.28767551596348173,-0.08680555224418664,586.765762435808
2019-10-21 17:57:42,-0.036539945369347675,98.56351289549097,99.65639495849635,95.20037841796906,69.87163812931404,0.02378488179634925,20.37845768072674,19.21361733372122,19.278138407460546,0.08033155960775501,0.2763304322054898,0.2768540729036983,0.28775594652671715,-0.08680555224418664,586.8555660647962
2019-10-21 17:57:43,-0.036244860348793304,98.5633864502809,99.65639495849635,95.20037841796906,69.87163812931404,0.02460354854437445,20.374242284637038,19.216571483300882,19.278779147666167,0.08040460537780438,0.2762112152048487,0.2769474061357955,0.2878504560821825,-0.08680555224418664,587.0325328764676
2019-10-21 17:57:44,-0.035865465322366265,98.56334430187755,99.65639495849635,95.20037841796906,69.87163812931404,0.024594839323650773,20.368610515461196,19.21896582827984,19.279082656184617,0.0804173526612475,0.2762091057006026,0.2772859115422753,0.2879276829304958,-0.08680555224418664,587.2954953778333
2019-10-21 17:57:45,-0.0361689813435079,98.5633864502809,99.65639495849635,95.20037841796906,69.87163812931404,0.025256740098649873,20.367699989905816,19.221238769851418,19.279048933015893,0.08040844944320935,0.27643918532591677,0.27736331123016467,0.2880309639555042,-0.08680555224418664,587.4029898121098
2019-10-21 17:57:46,-0.0361689813435079,98.56351289549097,99.65639495849635,95.20037841796906,69.87163812931404,0.024150669066743468,20.370370864868253,19.224449375570572,19.278677978159998,0.08045453394140142,0.2766740745875672,0.2774041206130902,0.2880639299090377,-0.08680555224418664,587.474734717595
2019-10-21 17:57:47,-0.0361689813435079,98.56372363750775,99.65639495849635,95.20037841796906,69.87163812931404,0.024420654909177317,20.370370864868253,19.220139354536922,19.277969791616925,0.08052666968121139,0.2766061230000369,0.27728928976403633,0.2881087018198629,-0.08680555224418664,587.4493496412456
2019-10-21 17:57:48,-0.0361689813435079,98.56401867633123,99.65639495849635,95.20037841796906,69.87163812931404,0.02442065490917732,20.370370864868253,19.220571015542532,19.276924373386684,0.08050724494082132,0.27657408675391715,0.27717673264461345,0.28800913260811206,-0.08680555224418664,587.4932664991272
2019-10-21 17:57:49,-0.0361689813435079,98.56439801196142,99.65639495849635,95.20037841796906,69.87163812931404,0.02477773295884789,20.370370864868253,19.208018940923417,19.275440553963115,0.08048529141432778,0.2764466125648346,0.27694319386582367,0.287919089510725,-0.08680555224418664,587.5247952121135
2019-10-21 17:57:50,-0.0361689813435079,98.56409454345726,99.65639495849635,95.20037841796906,69.87163812931404,0.024307435039769586,20.370370864868253,19.194441770895978,19.275521489568046,0.08045504127557485,0.27646701416491437,0.2766898414054959,0.2877723101552556,-0.08680555224418664,587.4772429921981
2019-10-21 17:57:51,-0.0361689813435079,98.56409454345726,99.65639495849635,95.20037841796906,69.87163812931404,0.022469789467074713,20.370613671683024,19.1894303746435,19.279298484464437,0.08039737378175466,0.2759805453685066,0.27659971029052716,0.28765899887729707,-0.08680555224418664,587.2918450771249
2019-10-21 17:57:52,-0.0361689813435079,98.56409454345726,99.65639495849635,95.20037841796906,69.87163812931404,0.022974924269047722,20.37031016316456,19.18488444704002,19.28223240014288,0.08038958346162943,0.2752236122295857,0.27664321327542996,0.2875331228290689,-0.08680555224418664,587.1874672771905
2019-10-21 17:57:53,-0.0361689813435079,98.56409454345726,99.65639495849635,95.20037841796906,69.87163812931404,0.022765902971679595,20.370074100983537,19.186995561862098,19.284694191459263,0.08036919742266914,0.2751577629214962,0.27682945479602034,0.2875011680704182,-0.08680555224418664,586.9811543640295
2019-10-21 17:57:54,-0.0361689813435079,98.56409454345726,99.65639495849635,95.20037841796906,69.87163812931404,0.02224334972825926,20.369905485139945,19.190813157941957,19.286312903557697,0.0803377327524423,0.27550882726282566,0.2767515522199917,0.2874811020069752,-0.08680555224418664,586.8247612372995
2019-10-21 17:57:55,-0.0361689813435079,98.56409454345726,99.65639495849635,95.20037841796906,69.87163812931404,0.021720796484838913,20.369804315633793,19.198879962200934,19.286717581582298,0.08030601479720978,0.2758431963292597,0.27653791180579596,0.2874703098843988,-0.08680555224418664,586.6773919236705
2019-10-21 17:57:56,-0.0361689813435079,98.56409454345726,99.65639495849635,95.20037841796906,69.87163812931404,0.020257647246956056,20.371713207040443,19.2097998354541,19.28566541871831,0.08035214974746856,0.2760881986512457,0.2764930616030888,0.2874710673079909,-0.08680555224418664,586.5285936191106
2019-10-21 17:57:57,-0.0361689813435079,98.56409454345726,99.65639495849635,95.20037841796906,69.87163812931404,0.021703378082468028,20.37126127656532,19.2135700812707,19.283945537113695,0.08036732498235097,0.2760800187126469,0.27614064525057436,0.2874847253858355,-0.08680555224418664,586.5119863656869
2019-10-21 17:57:58,-0.0361689813435079,98.56409454345726,99.65639495849635,95.20037841796906,69.87163812931404,0.022347860567983824,20.36704552479287,19.2274576422774,19.280701368283054,0.0803524525988076,0.27634450070785826,0.2759062633230974,0.28747258278039856,-0.08680555224418664,586.7580054223138
2019-10-21 17:57:59,-0.0361689813435079,98.56409454345726,99.65639495849635,95.20037841796906,69.87163812931404,0.023689080667975124,20.36397644967751,19.217745009557948,19.276722034374366,0.08040045952046687,0.27644205239269365,0.2756830119030741,0.28742941317858467,-0.08680555224418664,587.1105976949499
2019-10-21 17:58:00,-0.0361689813435079,98.56439801196142,99.65639495849635,95.20037841796906,69.87163812931404,0.02516093903540321,20.363996665794605,19.216186843552,19.276303867082262,0.0804059228627556,0.2766609232186724,0.27585643453475805,0.28745048772760823,-0.08680555224418664,587.4631027541811
2019-10-21 17:58:01,-0.0361689813435079,98.56432214483537,99.65639495849635,95.20037841796906,69.87163812931404,0.025091265291322978,20.36103548258897,19.214284745685468,19.278043982588102,0.08042034020512831,0.27644584694386726,0.2761968757722767,0.28744087470717145,-0.08680555224418664,587.6335837624306
2019-10-21 17:58:02,-0.0361689813435079,98.5636477703817,99.65639495849635,95.20037841796906,69.87163812931404,0.026388939157441012,20.358600514196354,19.203911432297406,19.277571858226064,0.08045018504271717,0.276468781810819,0.27646776519733224,0.2874343821774557,-0.08680555224418664,587.8107197368078
2019-10-21 17:58:03,-0.0361689813435079,98.56314198954146,99.65639495849635,95.20037841796906,69.87163812931404,0.02738179025481222,20.35809464443542,19.20414747224827,19.279871938389842,0.08043010227191164,0.2768870435811431,0.2766270285302951,0.2875008225996739,-0.08680555224418664,587.8049061737433
2019-10-21 17:58:04,-0.0361689813435079,98.56280480231462,99.65639495849635,95.20037841796906,69.87163812931404,0.027503719236397876,20.359275066491392,19.200134437401033,19.276877120936177,0.08042453760867373,0.27697278659938457,0.2768723686119347,0.28758985596103326,-0.08680555224418664,587.7589613552155
2019-10-21 17:58:05,-0.0361689813435079,98.56293967720535,99.65639495849635,95.20037841796906,69.87163812931404,0.02746017298081546,20.362141780364276,19.20207021397593,19.276607340032477,0.08040491029585456,0.2771612218904614,0.27692835154511247,0.28766750851711254,-0.08680555224418664,587.749512003298
2019-10-21 17:58:06,-0.0361689813435079,98.56256034157516,99.65639495849635,95.20037841796906,69.87163812931404,0.025831548510106363,20.36669478605407,19.208848682039037,19.27141366082758,0.08040809739025065,0.2770494283079274,0.2770840775716564,0.2877354652453698,-0.08680555224418664,587.7631679437118
2019-10-21 17:58:07,-0.0361689813435079,98.56243389636509,99.65639495849635,95.20037841796906,69.87163812931404,0.02703342112627904,20.36972339336697,19.212295345493168,19.26804786628785,0.0803919598494934,0.27685905843625863,0.27694842288822086,0.28778613801602787,-0.08680555224418664,587.8603689198189
2019-10-21 17:58:08,-0.0361689813435079,98.56256034157516,99.65639495849635,95.20037841796906,69.87163812931404,0.026110243729569757,20.367106226496563,19.21284186089794,19.265478027450552,0.08036924641588095,0.2769655421341499,0.27706258057992295,0.28782711412523254,-0.08680555224418664,588.0955904447134
2019-10-21 17:58:09,-0.0361689813435079,98.56293967720535,99.65639495849635,95.20037841796906,69.87163812931404,0.025500598278912694,20.36751090452118,19.211674879203077,19.265349834949074,0.0803298394441051,0.2769535700758027,0.2768086383253828,0.28778470500365916,-0.08680555224418664,588.4386413147415
2019-10-21 17:58:10,-0.0361689813435079,98.56357190325566,99.65639495849635,95.20037841796906,69.87163812931404,0.025997023860162033,20.368994812865445,19.21786661303688,19.266260404964783,0.08027459941543921,0.27662450804577077,0.27663630386054716,0.28777534561557455,-0.08680555224418664,588.6969611605858
2019-10-21 17:58:11,-0.0361689813435079,98.56368991878506,99.65639495849635,95.20037841796906,69.87163812931404,0.02445549179207202,20.366647453574956,19.209610981263264,19.268452544312453,0.08023787348906779,0.2764676861412882,0.2766591526550575,0.28774524749297997,-0.08680555224418664,588.7116261017644
2019-10-21 17:58:12,-0.0361689813435079,98.56351289549097,99.65639495849635,95.20037841796906,69.87163812931404,0.024812569841742585,20.36616856234899,19.20145656345614,19.274597288011744,0.0801739317032843,0.276449305472119,0.27636187546181024,0.2877196153421787,-0.08680555224418664,588.5607922960844
2019-10-21 17:58:13,-0.0361689813435079,98.56372363750775,99.65639495849635,95.20037841796906,69.87163812931404,0.02573574723845186,20.366404646760184,19.197537820100298,19.276013772248735,0.08013796540615464,0.2760238748886098,0.276102873828862,0.2877208819756148,-0.08680555224418664,588.2374614724483
2019-10-21 17:58:14,-0.0361689813435079,98.56401867633123,99.65639495849635,95.20037841796906,69.87163812931404,0.026040569963780395,20.369055514569137,19.19210832324624,19.273315758694096,0.08017605725493487,0.27613448909112703,0.27631499494983947,0.28783495060769615,-0.08680555224418664,587.8598417980147
2019-10-21 17:58:15,-0.0361689813435079,98.56439801196142,99.65639495849635,95.20037841796906,69.87163812931404,0.026354101909832617,20.3678076684059,19.190921245477195,19.27439498901374,0.08025896820155078,0.27621045569717817,0.27637266626447027,0.2879430366145987,-0.08680555224418664,587.5594429780847
2019-10-21 17:58:16,-0.0361689813435079,98.56409454345726,99.65639495849635,95.20037841796906,69.87163812931404,0.024716768257476315,20.36757160622487,19.196330463969673,19.2704424068923,0.08035766267345801,0.2762361716974038,0.2765740833499223,0.2880776796863358,-0.08680555224418664,587.4082741192743
2019-10-21 17:58:17,-0.0361689813435079,98.56439801196142,99.65639495849635,95.20037841796906,69.87163812931404,0.025770584160423028,20.36834732802606,19.197355714989186,19.27013887614367,0.08046252825807602,0.27683317251416695,0.2770556642181121,0.2882742882469603,-0.08680555224418664,587.3990852693872
2019-10-21 17:58:18,-0.0361689813435079,98.56432214483537,99.65639495849635,95.20037841796906,69.87163812931404,0.025805421195281765,20.36778071210109,19.195089629202222,19.2704424068923,0.08050699334044578,0.27689994326282574,0.27728347171158874,0.28841407329608326,-0.08680555224418664,587.5171278306669
2019-10-21 17:58:19,-0.0361689813435079,98.56395123888586,99.65639495849635,95.20037841796906,69.87163812931404,0.02615379013277442,20.365082636301967,19.198199060969188,19.27196676080884,0.08052090491170394,0.27694799718045493,0.2773214108321504,0.28846330777470686,-0.08680555224418664,587.705646506002
2019-10-21 17:58:20,-0.0361689813435079,98.56306612241542,99.65639495849635,95.20037841796906,69.87163812931404,0.026815690972900985,20.36346379082249,19.202333721525513,19.27392281574532,0.08048326895509311,0.27688830743580806,0.27726264287541885,0.28845656571132694,-0.08680555224418664,587.8956015704689
2019-10-21 17:58:21,-0.0361689813435079,98.56243389636509,99.65639495849635,95.20037841796906,69.87163812931404,0.025979605805137578,20.364866790238036,19.198967989230262,19.276553378516493,0.08038133763141586,0.2767484347859194,0.27728709432628695,0.28836609864290597,-0.08680555224418664,588.066410091375
2019-10-21 17:58:22,-0.035865465322366265,98.56205456073491,99.65639495849635,95.20037841796906,69.87163812931404,0.026563123571914482,20.362978137178647,19.198664480711802,19.279615642307604,0.08028314976425457,0.2767724646971785,0.27697818102814464,0.28820708991486527,-0.08680555224418664,588.1245852739398
2019-10-21 17:58:23,-0.036244860348793304,98.56192811552484,99.65639495849635,95.20037841796906,69.87163812931404,0.026528286623892346,20.364650944174105,19.19778093369139,19.27690413948547,0.08028628631974731,0.27654347858784734,0.2768677328572137,0.28804673285751164,-0.08680555224418664,588.0323516205491
2019-10-21 17:58:24,-0.036539945369347675,98.56205456073491,99.65639495849635,95.20037841796906,69.87163812931404,0.026275719114360094,20.363571713854455,19.197963038802474,19.277275094341356,0.08028659024786025,0.27678098072816804,0.27690702009868035,0.28790155039244975,-0.08680555224418664,587.9778909038569
2019-10-21 17:58:25,-0.036750720384029364,98.56273736486925,99.65639495849635,95.20037841796906,69.87163812931404,0.025099974164700264,20.359740446219696,19.198131654646055,19.27962913157508,0.08033909900483016,0.27674624997697034,0.2768790305772314,0.28771547858531743,-0.08680555224418664,587.9860659156942
2019-10-21 17:58:26,-0.036573669371696746,98.56299025528938,99.65639495849635,95.20037841796906,69.87163812931404,0.02268751982886064,20.361413253215154,19.203298044093586,19.27686363166869,0.08035533765812874,0.27679767885130396,0.2768361992908255,0.28761801373708584,-0.08680555224418664,588.0959997643974
2019-10-21 17:58:27,-0.036995219401060125,98.56358033293634,99.65639495849635,95.20037841796906,69.87163812931404,0.023453931408849688,20.362276637470877,19.20171305516386,19.275116615917902,0.08035589341239238,0.2766441520833198,0.276781821584369,0.2875507336396446,-0.08680555224418664,588.2663044962867
2019-10-21 17:58:28,-0.037248149418678156,98.56374049686909,99.65639495849635,95.20037841796906,69.87163812931404,0.023549732836810076,20.36287021414668,19.199150094341327,19.273598962174752,0.08037273825465403,0.27631509033116497,0.27647324423967906,0.28745394431072047,-0.08680555224418664,588.3641121248559
2019-10-21 17:58:29,-0.03733245942455083,98.56368991878506,99.65639495849635,95.20037841796906,69.87163812931404,0.023689080368388828,20.358823100447992,19.196128498424212,19.272553477253993,0.08037557105570706,0.27647729950907146,0.2763018410800506,0.2874590879553689,-0.08680555224418664,588.4973209976887
2019-10-21 17:58:30,-0.037248149418678156,98.56334430187755,99.65639495849635,95.20037841796906,69.87163812931404,0.023959066210822673,20.35698840890459,19.196870408136007,19.27198016115563,0.08036337864079418,0.27651144498156016,0.2761025307895427,0.28749593432410964,-0.08680555224418664,588.64831685242
2019-10-21 17:58:31,-0.036995219401060125,98.5633864502809,99.65639495849635,95.20037841796906,69.87163812931404,0.02302717959338972,20.35596314010092,19.195744054300828,19.271879013879655,0.08033859113226982,0.27654297257358995,0.27619839353717085,0.2875581520559634,-0.08680555224418664,588.7217492590432
2019-10-21 17:58:32,-0.036573669371696746,98.56351289549097,99.65639495849635,95.20037841796906,69.87163812931404,0.024037449197335727,20.351376411242406,19.198617268275584,19.274921070445746,0.08034562298676373,0.27656666319687107,0.2761752109427559,0.2876327685265004,-0.08680555224418664,588.5361841730876
2019-10-21 17:58:33,-0.03644720436288773,98.56372363750775,99.65639495849635,95.20037841796906,69.87163812931404,0.02438581802628262,20.350081334858828,19.20064740303239,19.275710263730293,0.08036909511178267,0.2767808933358099,0.2765022489852289,0.28772078937306067,-0.08680555224418664,588.1247578511999
2019-10-21 17:58:34,-0.03661582437463308,98.56432214483537,99.65639495849635,95.20037841796906,69.87163812931404,0.02438581802628262,20.34552160676546,19.20154443932029,19.274570380613323,0.08037688616133534,0.2766476829290952,0.27680534673181795,0.2877391727515318,-0.08680555224418664,587.6521162553283
2019-10-21 17:58:35,-0.03661582437463308,98.56432214483537,99.65639495849635,95.20037841796906,69.87163812931404,0.02466451308944014,20.345339461640076,19.20337223506478,19.269815147062086,0.08038877410974833,0.2764874108326748,0.2767742381090337,0.28771758913160256,-0.08680555224418664,587.1581405248414
2019-10-21 17:58:36,-0.03644720436288773,98.56372363750775,99.65639495849635,95.20037841796906,69.87163812931404,0.02318394556641583,20.347760945211242,19.201456759081612,19.264729359766896,0.08038639650617188,0.2761674519185426,0.276743972009713,0.28765292413584886,-0.08680555224418664,586.67436833593
2019-10-21 17:58:37,-0.03687718539283838,98.56351289549097,99.65639495849635,95.20037841796906,69.87163812931404,0.023114271800626453,20.34762605253637,19.204748140348464,19.258523896579774,0.08035857431885822,0.27529332687804814,0.27669288416008947,0.2874995663171609,-0.08680555224418664,586.219595102165
2019-10-21 17:58:38,-0.036919340395774713,98.5633864502809,99.65639495849635,95.20037841796906,69.87163812931404,0.02241753414273266,20.347733966676266,19.20623195977204,19.2551513574063,0.08035902979421192,0.27490811803679976,0.2765903611144275,0.28731324122502316,-0.08680555224418664,585.8326144274035
2019-10-21 17:58:39,-0.03687718539283838,98.56334430187755,99.65639495849635,95.20037841796906,69.87163812931404,0.022034328430891068,20.347295565482934,19.208120457220218,19.257039970451377,0.08037501478042379,0.27505372294457153,0.2762026199788768,0.2872516109948954,-0.08680555224418664,585.703111626331
2019-10-21 17:58:40,-0.036750720384029364,98.5633864502809,99.65639495849635,95.20037841796906,69.87163812931404,0.020632143894379812,20.346924610627035,19.20561145346763,19.25605518723432,0.08039373131620878,0.27517960128528596,0.2759408356148612,0.2872001805922376,-0.08680555224418664,585.7944971898236
2019-10-21 17:58:41,-0.036539945369347675,98.56381636399513,99.65639495849635,95.20037841796906,69.87163812931404,0.01939543455161834,20.34662110210857,19.205294615738907,19.259366958013587,0.08037334548565636,0.27544020501883776,0.2760841611659898,0.2871649361156925,-0.08680555224418664,586.0424547173222
2019-10-21 17:58:42,-0.036244860348793304,98.5636477703817,99.65639495849635,95.20037841796906,69.87163812931404,0.021154697137800174,20.346385039927547,19.206366812432602,19.265572398970534,0.08032771701857225,0.2755685294424743,0.2759943721872396,0.2871311290975503,-0.08680555224418664,586.2503590972847
2019-10-21 17:58:43,-0.035865465322366265,98.56395123888586,99.65639495849635,95.20037841796906,69.87163812931404,0.02228689583187759,20.346216424083963,19.201207012007615,19.268533488809442,0.08029908483678666,0.27607683354602325,0.2760687303709825,0.2871793560631634,-0.08680555224418664,586.3737118594314
2019-10-21 17:58:44,-0.0361689813435079,98.56374049686909,99.65639495849635,95.20037841796906,69.87163812931404,0.023105562579902796,20.346115254577807,19.19592585263557,19.27017930837785,0.08030682387121373,0.27566514905794015,0.2762274873423417,0.28717935953662754,-0.08680555224418664,586.495373990432
2019-10-21 17:58:45,-0.0361689813435079,98.56301554433139,99.65639495849635,95.20037841796906,69.87163812931404,0.02462967620654547,20.346695293079755,19.191642943517905,19.27038166517429,0.08027834335824013,0.27566194256424686,0.27622993064649254,0.28715895550512305,-0.08680555224418664,586.5648507782925
2019-10-21 17:58:46,-0.0361689813435079,98.56276265391126,99.65639495849635,95.20037841796906,69.87163812931404,0.023854555562138627,20.347167417441806,19.187211856975473,19.274361265845023,0.0802933165417131,0.27543742006475336,0.276233386395973,0.2871073569868004,-0.08680555224418664,586.4871241429485
2019-10-21 17:58:47,-0.0361689813435079,98.56267835710455,99.65639495849635,95.20037841796906,69.87163812931404,0.024856115945360954,20.347160672808062,19.18943740826948,19.273551860889427,0.08025188679809081,0.27473292345211564,0.27640732087733366,0.287012339471938,-0.08680555224418664,586.3409290091435
2019-10-21 17:58:48,-0.0361689813435079,98.56276265391126,99.65639495849635,95.20037841796906,69.87163812931404,0.025735747238451852,20.347464181326522,19.185849174197237,19.275845191973424,0.08019174011923516,0.2744976949024873,0.27626356906268484,0.2868971723220851,-0.08680555224418664,586.2134581523634
2019-10-21 17:58:49,-0.0361689813435079,98.56301554433139,99.65639495849635,95.20037841796906,69.87163812931404,0.02547447061674168,20.347221374511754,19.18413603722638,19.278813030892124,0.08015921352418173,0.27472111520233755,0.27609680589540353,0.28682736194495073,-0.08680555224418664,586.271805485369
2019-10-21 17:58:50,-0.0361689813435079,98.56374049686909,99.65639495849635,95.20037841796906,69.87163812931404,0.024385818026282625,20.347221374511754,19.184884780492595,19.276317356349796,0.08014272243687623,0.27494555003159593,0.27611366539568394,0.2866979437969232,-0.08680555224418664,586.5739746093766
2019-10-21 17:58:51,-0.0361689813435079,98.56395123888586,99.65639495849635,95.20037841796906,69.87163812931404,0.022635264660824484,20.347221374511754,19.19402409711367,19.276863671683017,0.08005308429330679,0.2753677771780602,0.2759569333844536,0.2866252683676213,-0.08680555224418664,586.832044339126
2019-10-21 17:58:52,-0.0361689813435079,98.5636477703817,99.65639495849635,95.20037841796906,69.87163812931404,0.023619406602599466,20.345278759936384,19.189531833141892,19.27662086486825,0.08005986303646824,0.27563740497146794,0.2760461344446621,0.2865987112333176,-0.08680555224418664,586.9268911223883
2019-10-21 17:58:53,-0.035865465322366265,98.56381636399513,99.65639495849635,95.20037841796906,69.87163812931404,0.023009761151942403,20.347707028155597,19.18879657914317,19.27929189988792,0.0800687150903795,0.27582027584244934,0.276038376184611,0.2866822618704584,-0.08680555224418664,586.8991518531939
2019-10-21 17:58:54,-0.036244860348793304,98.5633864502809,99.65639495849635,95.20037841796906,69.87163812931404,0.022225931286811888,20.349595681214986,19.19092129882961,19.278381334318233,0.08012688851162014,0.2758690093086044,0.27608601050777115,0.28683166146834227,-0.08680555224418664,586.8294253760578
2019-10-21 17:58:55,-0.036539945369347675,98.56334430187755,99.65639495849635,95.20037841796906,69.87163812931404,0.021746924147009905,20.350944719114548,19.192688441776795,19.27542024447932,0.08020114900418393,0.27602506663415893,0.2763034437364083,0.28695820886772094,-0.08680555224418664,586.5857718941229
